{
    "type": "FeatureCollection",
    "features": [
        {
            "type": "Feature",
            "geometry": {
                "type": "Polygon",
                "coordinates": [
                    [
                        [
                            116.390649,
                            40.041279,
                            0
                        ],
                        [
                            116.39297,
                            40.041733,
                            0
                        ],
                        [
                            116.395333,
                            40.036766,
                            0
                        ],
                        [
                            116.405266,
                            40.038974,
                            0
                        ],
                        [
                            116.408884,
                            40.043291,
                            0
                        ],
                        [
                            116.406124,
                            40.049768,
                            0
                        ],
                        [
                            116.409595,
                            40.055626,
                            0
                        ],
                        [
                            116.415618,
                            40.056,
                            0
                        ],
                        [
                            116.433268,
                            40.06228,
                            0
                        ],
                        [
                            116.442867,
                            40.061323,
                            0
                        ],
                        [
                            116.451629,
                            40.058759,
                            0
                        ],
                        [
                            116.45142,
                            40.06129,
                            0
                        ],
                        [
                            116.459408,
                            40.059992,
                            0
                        ],
                        [
                            116.462127,
                            40.06731,
                            0
                        ],
                        [
                            116.458635,
                            40.070377,
                            0
                        ],
                        [
                            116.458823,
                            40.075796,
                            0
                        ],
                        [
                            116.462608,
                            40.076786,
                            0
                        ],
                        [
                            116.461855,
                            40.080825,
                            0
                        ],
                        [
                            116.466247,
                            40.08235,
                            0
                        ],
                        [
                            116.466832,
                            40.090185,
                            0
                        ],
                        [
                            116.466498,
                            40.094954,
                            0
                        ],
                        [
                            116.473357,
                            40.097516,
                            0
                        ],
                        [
                            116.480885,
                            40.096965,
                            0
                        ],
                        [
                            116.489292,
                            40.101668,
                            0
                        ],
                        [
                            116.492199,
                            40.111561,
                            0
                        ],
                        [
                            116.487222,
                            40.124678,
                            0
                        ],
                        [
                            116.484754,
                            40.140078,
                            0
                        ],
                        [
                            116.482307,
                            40.140629,
                            0
                        ],
                        [
                            116.480781,
                            40.14742,
                            0
                        ],
                        [
                            116.490777,
                            40.148992,
                            0
                        ],
                        [
                            116.492303,
                            40.156981,
                            0
                        ],
                        [
                            116.484629,
                            40.160465,
                            0
                        ],
                        [
                            116.477916,
                            40.159979,
                            0
                        ],
                        [
                            116.476912,
                            40.163576,
                            0
                        ],
                        [
                            116.480802,
                            40.171937,
                            0
                        ],
                        [
                            116.483332,
                            40.171742,
                            0
                        ],
                        [
                            116.485151,
                            40.176764,
                            0
                        ],
                        [
                            116.490129,
                            40.181316,
                            0
                        ],
                        [
                            116.487975,
                            40.184686,
                            0
                        ],
                        [
                            116.488016,
                            40.191796,
                            0
                        ],
                        [
                            116.484503,
                            40.196493,
                            0
                        ],
                        [
                            116.472249,
                            40.205092,
                            0
                        ],
                        [
                            116.473712,
                            40.221203,
                            0
                        ],
                        [
                            116.477979,
                            40.225201,
                            0
                        ],
                        [
                            116.483771,
                            40.225185,
                            0
                        ],
                        [
                            116.481094,
                            40.238248,
                            0
                        ],
                        [
                            116.482098,
                            40.245385,
                            0
                        ],
                        [
                            116.493705,
                            40.251179,
                            0
                        ],
                        [
                            116.501024,
                            40.251599,
                            0
                        ],
                        [
                            116.503011,
                            40.25969,
                            0
                        ],
                        [
                            116.505959,
                            40.261356,
                            0
                        ],
                        [
                            116.501839,
                            40.262974,
                            0
                        ],
                        [
                            116.493245,
                            40.262489,
                            0
                        ],
                        [
                            116.484273,
                            40.267634,
                            0
                        ],
                        [
                            116.484001,
                            40.2759,
                            0
                        ],
                        [
                            116.478794,
                            40.280025,
                            0
                        ],
                        [
                            116.472081,
                            40.280122,
                            0
                        ],
                        [
                            116.469634,
                            40.283001,
                            0
                        ],
                        [
                            116.460308,
                            40.28711,
                            0
                        ],
                        [
                            116.45533,
                            40.284845,
                            0
                        ],
                        [
                            116.449412,
                            40.286722,
                            0
                        ],
                        [
                            116.45096,
                            40.293045,
                            0
                        ],
                        [
                            116.448011,
                            40.300484,
                            0
                        ],
                        [
                            116.443766,
                            40.302457,
                            0
                        ],
                        [
                            116.44822,
                            40.305982,
                            0
                        ],
                        [
                            116.455184,
                            40.316345,
                            0
                        ],
                        [
                            116.449182,
                            40.32113,
                            0
                        ],
                        [
                            116.443745,
                            40.322682,
                            0
                        ],
                        [
                            116.438245,
                            40.333221,
                            0
                        ],
                        [
                            116.43423,
                            40.329116,
                            0
                        ],
                        [
                            116.427914,
                            40.329213,
                            0
                        ],
                        [
                            116.424359,
                            40.331265,
                            0
                        ],
                        [
                            116.417061,
                            40.329843,
                            0
                        ],
                        [
                            116.408989,
                            40.333205,
                            0
                        ],
                        [
                            116.408633,
                            40.334886,
                            0
                        ],
                        [
                            116.396358,
                            40.334853,
                            0
                        ],
                        [
                            116.391422,
                            40.338393,
                            0
                        ],
                        [
                            116.384563,
                            40.339055,
                            0
                        ],
                        [
                            116.375069,
                            40.337375,
                            0
                        ],
                        [
                            116.376135,
                            40.334352,
                            0
                        ],
                        [
                            116.365909,
                            40.331702,
                            0
                        ],
                        [
                            116.368231,
                            40.334805,
                            0
                        ],
                        [
                            116.369903,
                            40.342401,
                            0
                        ],
                        [
                            116.364508,
                            40.349107,
                            0
                        ],
                        [
                            116.367101,
                            40.350351,
                            0
                        ],
                        [
                            116.369673,
                            40.356362,
                            0
                        ],
                        [
                            116.363923,
                            40.359028,
                            0
                        ],
                        [
                            116.355641,
                            40.356814,
                            0
                        ],
                        [
                            116.348866,
                            40.356427,
                            0
                        ],
                        [
                            116.352797,
                            40.364391,
                            0
                        ],
                        [
                            116.357356,
                            40.364084,
                            0
                        ],
                        [
                            116.360033,
                            40.366815,
                            0
                        ],
                        [
                            116.355369,
                            40.37137,
                            0
                        ],
                        [
                            116.34506,
                            40.373163,
                            0
                        ],
                        [
                            116.337364,
                            40.379769,
                            0
                        ],
                        [
                            116.32398,
                            40.387295,
                            0
                        ],
                        [
                            116.32078,
                            40.386859,
                            0
                        ],
                        [
                            116.313106,
                            40.389459,
                            0
                        ],
                        [
                            116.302691,
                            40.387473,
                            0
                        ],
                        [
                            116.295581,
                            40.384437,
                            0
                        ],
                        [
                            116.293762,
                            40.392415,
                            0
                        ],
                        [
                            116.289872,
                            40.391672,
                            0
                        ],
                        [
                            116.290729,
                            40.383177,
                            0
                        ],
                        [
                            116.282845,
                            40.375263,
                            0
                        ],
                        [
                            116.270863,
                            40.382693,
                            0
                        ],
                        [
                            116.261264,
                            40.380561,
                            0
                        ],
                        [
                            116.258336,
                            40.383193,
                            0
                        ],
                        [
                            116.25338,
                            40.381239,
                            0
                        ],
                        [
                            116.252104,
                            40.376297,
                            0
                        ],
                        [
                            116.247796,
                            40.374471,
                            0
                        ],
                        [
                            116.24353,
                            40.379818,
                            0
                        ],
                        [
                            116.241962,
                            40.377508,
                            0
                        ],
                        [
                            116.23665,
                            40.377427,
                            0
                        ],
                        [
                            116.23184,
                            40.374988,
                            0
                        ],
                        [
                            116.226989,
                            40.38111,
                            0
                        ],
                        [
                            116.222221,
                            40.382111,
                            0
                        ],
                        [
                            116.211451,
                            40.381756,
                            0
                        ],
                        [
                            116.209129,
                            40.376232,
                            0
                        ],
                        [
                            116.192985,
                            40.372775,
                            0
                        ],
                        [
                            116.180354,
                            40.367687,
                            0
                        ],
                        [
                            116.177154,
                            40.370934,
                            0
                        ],
                        [
                            116.170713,
                            40.369351,
                            0
                        ],
                        [
                            116.168789,
                            40.366718,
                            0
                        ],
                        [
                            116.159295,
                            40.366265,
                            0
                        ],
                        [
                            116.148233,
                            40.361807,
                            0
                        ],
                        [
                            116.148651,
                            40.35696,
                            0
                        ],
                        [
                            116.145514,
                            40.351046,
                            0
                        ],
                        [
                            116.1507,
                            40.349252,
                            0
                        ],
                        [
                            116.155677,
                            40.344906,
                            0
                        ],
                        [
                            116.152603,
                            40.337714,
                            0
                        ],
                        [
                            116.144719,
                            40.336631,
                            0
                        ],
                        [
                            116.147543,
                            40.340655,
                            0
                        ],
                        [
                            116.144782,
                            40.348541,
                            0
                        ],
                        [
                            116.138404,
                            40.345229,
                            0
                        ],
                        [
                            116.140809,
                            40.343047,
                            0
                        ],
                        [
                            116.137567,
                            40.340769,
                            0
                        ],
                        [
                            116.137651,
                            40.336534,
                            0
                        ],
                        [
                            116.143904,
                            40.336082,
                            0
                        ],
                        [
                            116.13809,
                            40.330974,
                            0
                        ],
                        [
                            116.138383,
                            40.324671,
                            0
                        ],
                        [
                            116.141959,
                            40.316879,
                            0
                        ],
                        [
                            116.132737,
                            40.31198,
                            0
                        ],
                        [
                            116.122385,
                            40.312805,
                            0
                        ],
                        [
                            116.116237,
                            40.321955,
                            0
                        ],
                        [
                            116.116634,
                            40.323668,
                            0
                        ],
                        [
                            116.110381,
                            40.330813,
                            0
                        ],
                        [
                            116.102978,
                            40.331524,
                            0
                        ],
                        [
                            116.098649,
                            40.330005,
                            0
                        ],
                        [
                            116.086353,
                            40.330813,
                            0
                        ],
                        [
                            116.083342,
                            40.33571,
                            0
                        ],
                        [
                            116.077716,
                            40.339346,
                            0
                        ],
                        [
                            116.073429,
                            40.339831,
                            0
                        ],
                        [
                            116.06841,
                            40.336971,
                            0
                        ],
                        [
                            116.061802,
                            40.336809,
                            0
                        ],
                        [
                            116.053353,
                            40.326853,
                            0
                        ],
                        [
                            116.056971,
                            40.322181,
                            0
                        ],
                        [
                            116.051116,
                            40.315812,
                            0
                        ],
                        [
                            116.042479,
                            40.316846,
                            0
                        ],
                        [
                            116.040095,
                            40.312724,
                            0
                        ],
                        [
                            116.031144,
                            40.312352,
                            0
                        ],
                        [
                            116.026167,
                            40.320484,
                            0
                        ],
                        [
                            116.026481,
                            40.324283,
                            0
                        ],
                        [
                            116.01684,
                            40.33466,
                            0
                        ],
                        [
                            116.007597,
                            40.33314,
                            0
                        ],
                        [
                            115.999065,
                            40.325463,
                            0
                        ],
                        [
                            115.993398,
                            40.328986,
                            0
                        ],
                        [
                            115.982711,
                            40.324202,
                            0
                        ],
                        [
                            115.979658,
                            40.320532,
                            0
                        ],
                        [
                            115.973259,
                            40.318997,
                            0
                        ],
                        [
                            115.976417,
                            40.311511,
                            0
                        ],
                        [
                            115.975538,
                            40.308698,
                            0
                        ],
                        [
                            115.987919,
                            40.303799,
                            0
                        ],
                        [
                            115.990323,
                            40.299498,
                            0
                        ],
                        [
                            115.982732,
                            40.297977,
                            0
                        ],
                        [
                            115.978675,
                            40.289633,
                            0
                        ],
                        [
                            115.981227,
                            40.28525,
                            0
                        ],
                        [
                            115.978822,
                            40.281627,
                            0
                        ],
                        [
                            115.981812,
                            40.276903,
                            0
                        ],
                        [
                            115.976396,
                            40.270983,
                            0
                        ],
                        [
                            115.967006,
                            40.265612,
                            0
                        ],
                        [
                            115.968888,
                            40.264269,
                            0
                        ],
                        [
                            115.965605,
                            40.259415,
                            0
                        ],
                        [
                            115.960001,
                            40.256648,
                            0
                        ],
                        [
                            115.950276,
                            40.256163,
                            0
                        ],
                        [
                            115.942706,
                            40.253557,
                            0
                        ],
                        [
                            115.935826,
                            40.25558,
                            0
                        ],
                        [
                            115.916984,
                            40.247068,
                            0
                        ],
                        [
                            115.916628,
                            40.242391,
                            0
                        ],
                        [
                            115.911965,
                            40.234477,
                            0
                        ],
                        [
                            115.906695,
                            40.23412,
                            0
                        ],
                        [
                            115.898079,
                            40.236419,
                            0
                        ],
                        [
                            115.898476,
                            40.234509,
                            0
                        ],
                        [
                            115.891994,
                            40.228147,
                            0
                        ],
                        [
                            115.891366,
                            40.225379,
                            0
                        ],
                        [
                            115.883106,
                            40.216119,
                            0
                        ],
                        [
                            115.885072,
                            40.212039,
                            0
                        ],
                        [
                            115.883169,
                            40.209594,
                            0
                        ],
                        [
                            115.886326,
                            40.206663,
                            0
                        ],
                        [
                            115.877313,
                            40.200849,
                            0
                        ],
                        [
                            115.87633,
                            40.193918,
                            0
                        ],
                        [
                            115.873695,
                            40.192687,
                            0
                        ],
                        [
                            115.870308,
                            40.186079,
                            0
                        ],
                        [
                            115.863072,
                            40.186095,
                            0
                        ],
                        [
                            115.855502,
                            40.188865,
                            0
                        ],
                        [
                            115.848099,
                            40.183843,
                            0
                        ],
                        [
                            115.854205,
                            40.179939,
                            0
                        ],
                        [
                            115.846865,
                            40.169458,
                            0
                        ],
                        [
                            115.844418,
                            40.168016,
                            0
                        ],
                        [
                            115.84676,
                            40.163171,
                            0
                        ],
                        [
                            115.853557,
                            40.154162,
                            0
                        ],
                        [
                            115.853348,
                            40.149332,
                            0
                        ],
                        [
                            115.856547,
                            40.147468,
                            0
                        ],
                        [
                            115.865184,
                            40.148635,
                            0
                        ],
                        [
                            115.870768,
                            40.144276,
                            0
                        ],
                        [
                            115.874155,
                            40.14387,
                            0
                        ],
                        [
                            115.8816,
                            40.139073,
                            0
                        ],
                        [
                            115.900442,
                            40.138716,
                            0
                        ],
                        [
                            115.904457,
                            40.136123,
                            0
                        ],
                        [
                            115.906549,
                            40.138181,
                            0
                        ],
                        [
                            115.921438,
                            40.134485,
                            0
                        ],
                        [
                            115.933588,
                            40.124824,
                            0
                        ],
                        [
                            115.947913,
                            40.107409,
                            0
                        ],
                        [
                            115.943229,
                            40.103339,
                            0
                        ],
                        [
                            115.952681,
                            40.10102,
                            0
                        ],
                        [
                            115.956717,
                            40.096041,
                            0
                        ],
                        [
                            115.957449,
                            40.100679,
                            0
                        ],
                        [
                            115.962552,
                            40.10235,
                            0
                        ],
                        [
                            115.962092,
                            40.094419,
                            0
                        ],
                        [
                            115.960461,
                            40.092456,
                            0
                        ],
                        [
                            115.966588,
                            40.084556,
                            0
                        ],
                        [
                            115.968575,
                            40.075488,
                            0
                        ],
                        [
                            115.977232,
                            40.079041,
                            0
                        ],
                        [
                            115.979993,
                            40.081669,
                            0
                        ],
                        [
                            115.986434,
                            40.083469,
                            0
                        ],
                        [
                            115.99735,
                            40.082074,
                            0
                        ],
                        [
                            116.005129,
                            40.079803,
                            0
                        ],
                        [
                            116.007785,
                            40.080614,
                            0
                        ],
                        [
                            116.020856,
                            40.074579,
                            0
                        ],
                        [
                            116.030914,
                            40.082188,
                            0
                        ],
                        [
                            116.033926,
                            40.079657,
                            0
                        ],
                        [
                            116.037899,
                            40.084524,
                            0
                        ],
                        [
                            116.043775,
                            40.083502,
                            0
                        ],
                        [
                            116.048878,
                            40.085303,
                            0
                        ],
                        [
                            116.051848,
                            40.091661,
                            0
                        ],
                        [
                            116.055905,
                            40.09643,
                            0
                        ],
                        [
                            116.061969,
                            40.09956,
                            0
                        ],
                        [
                            116.062931,
                            40.10282,
                            0
                        ],
                        [
                            116.069456,
                            40.104912,
                            0
                        ],
                        [
                            116.072676,
                            40.109258,
                            0
                        ],
                        [
                            116.073847,
                            40.115436,
                            0
                        ],
                        [
                            116.077883,
                            40.115047,
                            0
                        ],
                        [
                            116.08445,
                            40.120252,
                            0
                        ],
                        [
                            116.089783,
                            40.119327,
                            0
                        ],
                        [
                            116.096056,
                            40.121257,
                            0
                        ],
                        [
                            116.102246,
                            40.115987,
                            0
                        ],
                        [
                            116.105864,
                            40.118014,
                            0
                        ],
                        [
                            116.113309,
                            40.115598,
                            0
                        ],
                        [
                            116.127676,
                            40.116393,
                            0
                        ],
                        [
                            116.132214,
                            40.115079,
                            0
                        ],
                        [
                            116.132925,
                            40.121354,
                            0
                        ],
                        [
                            116.152708,
                            40.121776,
                            0
                        ],
                        [
                            116.169563,
                            40.124564,
                            0
                        ],
                        [
                            116.167409,
                            40.128455,
                            0
                        ],
                        [
                            116.17178,
                            40.127936,
                            0
                        ],
                        [
                            116.168622,
                            40.135442,
                            0
                        ],
                        [
                            116.167681,
                            40.141844,
                            0
                        ],
                        [
                            116.174122,
                            40.143595,
                            0
                        ],
                        [
                            116.180417,
                            40.14729,
                            0
                        ],
                        [
                            116.183094,
                            40.153335,
                            0
                        ],
                        [
                            116.182696,
                            40.158099,
                            0
                        ],
                        [
                            116.192065,
                            40.155669,
                            0
                        ],
                        [
                            116.194282,
                            40.160076,
                            0
                        ],
                        [
                            116.202166,
                            40.160984,
                            0
                        ],
                        [
                            116.203211,
                            40.153773,
                            0
                        ],
                        [
                            116.205658,
                            40.150175,
                            0
                        ],
                        [
                            116.206285,
                            40.143092,
                            0
                        ],
                        [
                            116.212224,
                            40.140548,
                            0
                        ],
                        [
                            116.215445,
                            40.143174,
                            0
                        ],
                        [
                            116.233785,
                            40.136577,
                            0
                        ],
                        [
                            116.247043,
                            40.136204,
                            0
                        ],
                        [
                            116.245036,
                            40.118825,
                            0
                        ],
                        [
                            116.241836,
                            40.118403,
                            0
                        ],
                        [
                            116.243363,
                            40.113279,
                            0
                        ],
                        [
                            116.240498,
                            40.108009,
                            0
                        ],
                        [
                            116.245956,
                            40.10535,
                            0
                        ],
                        [
                            116.252732,
                            40.106517,
                            0
                        ],
                        [
                            116.255868,
                            40.104474,
                            0
                        ],
                        [
                            116.25957,
                            40.106907,
                            0
                        ],
                        [
                            116.258022,
                            40.11195,
                            0
                        ],
                        [
                            116.263334,
                            40.110588,
                            0
                        ],
                        [
                            116.263899,
                            40.10402,
                            0
                        ],
                        [
                            116.258273,
                            40.101522,
                            0
                        ],
                        [
                            116.265237,
                            40.094694,
                            0
                        ],
                        [
                            116.27333,
                            40.09557,
                            0
                        ],
                        [
                            116.2731,
                            40.092699,
                            0
                        ],
                        [
                            116.279897,
                            40.079754,
                            0
                        ],
                        [
                            116.290353,
                            40.083145,
                            0
                        ],
                        [
                            116.302942,
                            40.060803,
                            0
                        ],
                        [
                            116.305995,
                            40.063043,
                            0
                        ],
                        [
                            116.309446,
                            40.060609,
                            0
                        ],
                        [
                            116.318292,
                            40.061663,
                            0
                        ],
                        [
                            116.325946,
                            40.054799,
                            0
                        ],
                        [
                            116.331801,
                            40.057168,
                            0
                        ],
                        [
                            116.330756,
                            40.063383,
                            0
                        ],
                        [
                            116.338828,
                            40.058921,
                            0
                        ],
                        [
                            116.340271,
                            40.055091,
                            0
                        ],
                        [
                            116.343366,
                            40.055448,
                            0
                        ],
                        [
                            116.342676,
                            40.059635,
                            0
                        ],
                        [
                            116.346963,
                            40.06043,
                            0
                        ],
                        [
                            116.34667,
                            40.063659,
                            0
                        ],
                        [
                            116.357293,
                            40.066012,
                            0
                        ],
                        [
                            116.363023,
                            40.065931,
                            0
                        ],
                        [
                            116.363149,
                            40.068965,
                            0
                        ],
                        [
                            116.372538,
                            40.06843,
                            0
                        ],
                        [
                            116.373354,
                            40.065623,
                            0
                        ],
                        [
                            116.381928,
                            40.066402,
                            0
                        ],
                        [
                            116.382848,
                            40.061582,
                            0
                        ],
                        [
                            116.379272,
                            40.059002,
                            0
                        ],
                        [
                            116.372267,
                            40.05785,
                            0
                        ],
                        [
                            116.372999,
                            40.054344,
                            0
                        ],
                        [
                            116.367394,
                            40.053436,
                            0
                        ],
                        [
                            116.36959,
                            40.04696,
                            0
                        ],
                        [
                            116.376114,
                            40.045466,
                            0
                        ],
                        [
                            116.376888,
                            40.042756,
                            0
                        ],
                        [
                            116.38519,
                            40.042853,
                            0
                        ],
                        [
                            116.390649,
                            40.041279,
                            0
                        ]
                    ]
                ]
            },
            "properties": {
                "name": "昌平区",
                "_color": "#cc4b76",
                "center": [
                    116.20839993230774,
                    40.209843812307696,
                    0
                ]
            }
        },
        {
            "type": "Feature",
            "geometry": {
                "type": "MultiPolygon",
                "coordinates": [
                    [
                        [
                            [
                                116.595548,
                                40.01751,
                                0
                            ],
                            [
                                116.577814,
                                40.027512,
                                0
                            ],
                            [
                                116.578797,
                                40.033097,
                                0
                            ],
                            [
                                116.570474,
                                40.032431,
                                0
                            ],
                            [
                                116.564242,
                                40.039655,
                                0
                            ],
                            [
                                116.550753,
                                40.045499,
                                0
                            ],
                            [
                                116.54655,
                                40.048956,
                                0
                            ],
                            [
                                116.552761,
                                40.05488,
                                0
                            ],
                            [
                                116.551757,
                                40.059765,
                                0
                            ],
                            [
                                116.547784,
                                40.062718,
                                0
                            ],
                            [
                                116.543183,
                                40.059408,
                                0
                            ],
                            [
                                116.534379,
                                40.066791,
                                0
                            ],
                            [
                                116.525993,
                                40.071334,
                                0
                            ],
                            [
                                116.513948,
                                40.070426,
                                0
                            ],
                            [
                                116.506775,
                                40.074352,
                                0
                            ],
                            [
                                116.49933,
                                40.080387,
                                0
                            ],
                            [
                                116.486657,
                                40.081036,
                                0
                            ],
                            [
                                116.482935,
                                40.083745,
                                0
                            ],
                            [
                                116.473545,
                                40.085562,
                                0
                            ],
                            [
                                116.471015,
                                40.08939,
                                0
                            ],
                            [
                                116.466832,
                                40.090185,
                                0
                            ],
                            [
                                116.466247,
                                40.08235,
                                0
                            ],
                            [
                                116.461855,
                                40.080825,
                                0
                            ],
                            [
                                116.462608,
                                40.076786,
                                0
                            ],
                            [
                                116.458823,
                                40.075796,
                                0
                            ],
                            [
                                116.458635,
                                40.070377,
                                0
                            ],
                            [
                                116.462127,
                                40.06731,
                                0
                            ],
                            [
                                116.459408,
                                40.059992,
                                0
                            ],
                            [
                                116.45142,
                                40.06129,
                                0
                            ],
                            [
                                116.451629,
                                40.058759,
                                0
                            ],
                            [
                                116.442867,
                                40.061323,
                                0
                            ],
                            [
                                116.433268,
                                40.06228,
                                0
                            ],
                            [
                                116.415618,
                                40.056,
                                0
                            ],
                            [
                                116.409595,
                                40.055626,
                                0
                            ],
                            [
                                116.406124,
                                40.049768,
                                0
                            ],
                            [
                                116.408884,
                                40.043291,
                                0
                            ],
                            [
                                116.405266,
                                40.038974,
                                0
                            ],
                            [
                                116.395333,
                                40.036766,
                                0
                            ],
                            [
                                116.39297,
                                40.041733,
                                0
                            ],
                            [
                                116.390649,
                                40.041279,
                                0
                            ],
                            [
                                116.390251,
                                40.036587,
                                0
                            ],
                            [
                                116.395103,
                                40.032854,
                                0
                            ],
                            [
                                116.378708,
                                40.031181,
                                0
                            ],
                            [
                                116.350873,
                                40.0267,
                                0
                            ],
                            [
                                116.376554,
                                39.992971,
                                0
                            ],
                            [
                                116.381196,
                                39.977976,
                                0
                            ],
                            [
                                116.380903,
                                39.972712,
                                0
                            ],
                            [
                                116.394099,
                                39.972858,
                                0
                            ],
                            [
                                116.394162,
                                39.969397,
                                0
                            ],
                            [
                                116.390084,
                                39.968406,
                                0
                            ],
                            [
                                116.387658,
                                39.96093,
                                0
                            ],
                            [
                                116.389498,
                                39.96314,
                                0
                            ],
                            [
                                116.40788,
                                39.962182,
                                0
                            ],
                            [
                                116.407504,
                                39.973995,
                                0
                            ],
                            [
                                116.411101,
                                39.97146,
                                0
                            ],
                            [
                                116.411415,
                                39.964928,
                                0
                            ],
                            [
                                116.414196,
                                39.962182,
                                0
                            ],
                            [
                                116.424861,
                                39.962279,
                                0
                            ],
                            [
                                116.429002,
                                39.957274,
                                0
                            ],
                            [
                                116.429483,
                                39.950155,
                                0
                            ],
                            [
                                116.436698,
                                39.949245,
                                0
                            ],
                            [
                                116.435422,
                                39.952121,
                                0
                            ],
                            [
                                116.442239,
                                39.9497,
                                0
                            ],
                            [
                                116.440566,
                                39.945295,
                                0
                            ],
                            [
                                116.446338,
                                39.946205,
                                0
                            ],
                            [
                                116.443703,
                                39.936663,
                                0
                            ],
                            [
                                116.443682,
                                39.928664,
                                0
                            ],
                            [
                                116.434314,
                                39.92868,
                                0
                            ],
                            [
                                116.434983,
                                39.913964,
                                0
                            ],
                            [
                                116.436488,
                                39.902042,
                                0
                            ],
                            [
                                116.448722,
                                39.903246,
                                0
                            ],
                            [
                                116.446819,
                                39.900042,
                                0
                            ],
                            [
                                116.447154,
                                39.894186,
                                0
                            ],
                            [
                                116.450876,
                                39.894088,
                                0
                            ],
                            [
                                116.450939,
                                39.890249,
                                0
                            ],
                            [
                                116.444059,
                                39.890038,
                                0
                            ],
                            [
                                116.445648,
                                39.879283,
                                0
                            ],
                            [
                                116.44364,
                                39.87284,
                                0
                            ],
                            [
                                116.442971,
                                39.866087,
                                0
                            ],
                            [
                                116.446359,
                                39.860862,
                                0
                            ],
                            [
                                116.448178,
                                39.863645,
                                0
                            ],
                            [
                                116.454222,
                                39.859381,
                                0
                            ],
                            [
                                116.456062,
                                39.86122,
                                0
                            ],
                            [
                                116.463319,
                                39.856224,
                                0
                            ],
                            [
                                116.467794,
                                39.856012,
                                0
                            ],
                            [
                                116.460308,
                                39.848622,
                                0
                            ],
                            [
                                116.451148,
                                39.852008,
                                0
                            ],
                            [
                                116.450479,
                                39.848704,
                                0
                            ],
                            [
                                116.445983,
                                39.848329,
                                0
                            ],
                            [
                                116.446694,
                                39.84426,
                                0
                            ],
                            [
                                116.442323,
                                39.843674,
                                0
                            ],
                            [
                                116.440587,
                                39.839653,
                                0
                            ],
                            [
                                116.436739,
                                39.841329,
                                0
                            ],
                            [
                                116.432055,
                                39.832929,
                                0
                            ],
                            [
                                116.425217,
                                39.831903,
                                0
                            ],
                            [
                                116.430068,
                                39.830112,
                                0
                            ],
                            [
                                116.43699,
                                39.830649,
                                0
                            ],
                            [
                                116.436677,
                                39.827425,
                                0
                            ],
                            [
                                116.44592,
                                39.826692,
                                0
                            ],
                            [
                                116.443912,
                                39.82096,
                                0
                            ],
                            [
                                116.452737,
                                39.823012,
                                0
                            ],
                            [
                                116.462775,
                                39.815945,
                                0
                            ],
                            [
                                116.468463,
                                39.814511,
                                0
                            ],
                            [
                                116.474256,
                                39.809772,
                                0
                            ],
                            [
                                116.485256,
                                39.81272,
                                0
                            ],
                            [
                                116.485632,
                                39.816889,
                                0
                            ],
                            [
                                116.495357,
                                39.818795,
                                0
                            ],
                            [
                                116.498201,
                                39.8157,
                                0
                            ],
                            [
                                116.505813,
                                39.817866,
                                0
                            ],
                            [
                                116.502801,
                                39.819006,
                                0
                            ],
                            [
                                116.510142,
                                39.821449,
                                0
                            ],
                            [
                                116.510602,
                                39.827637,
                                0
                            ],
                            [
                                116.516164,
                                39.829835,
                                0
                            ],
                            [
                                116.525366,
                                39.829754,
                                0
                            ],
                            [
                                116.525868,
                                39.826904,
                                0
                            ],
                            [
                                116.534944,
                                39.82482,
                                0
                            ],
                            [
                                116.538143,
                                39.828207,
                                0
                            ],
                            [
                                116.533187,
                                39.832733,
                                0
                            ],
                            [
                                116.542681,
                                39.830209,
                                0
                            ],
                            [
                                116.543664,
                                39.835078,
                                0
                            ],
                            [
                                116.558596,
                                39.834687,
                                0
                            ],
                            [
                                116.569386,
                                39.833498,
                                0
                            ],
                            [
                                116.577145,
                                39.830682,
                                0
                            ],
                            [
                                116.577479,
                                39.827539,
                                0
                            ],
                            [
                                116.587015,
                                39.828223,
                                0
                            ],
                            [
                                116.583732,
                                39.824917,
                                0
                            ],
                            [
                                116.591595,
                                39.823875,
                                0
                            ],
                            [
                                116.59147,
                                39.826367,
                                0
                            ],
                            [
                                116.599228,
                                39.825585,
                                0
                            ],
                            [
                                116.598977,
                                39.831659,
                                0
                            ],
                            [
                                116.60224,
                                39.831675,
                                0
                            ],
                            [
                                116.601905,
                                39.840727,
                                0
                            ],
                            [
                                116.608367,
                                39.846539,
                                0
                            ],
                            [
                                116.604666,
                                39.846132,
                                0
                            ],
                            [
                                116.604185,
                                39.850071,
                                0
                            ],
                            [
                                116.613449,
                                39.850185,
                                0
                            ],
                            [
                                116.626958,
                                39.860683,
                                0
                            ],
                            [
                                116.619994,
                                39.868951,
                                0
                            ],
                            [
                                116.62493,
                                39.87725,
                                0
                            ],
                            [
                                116.624323,
                                39.881155,
                                0
                            ],
                            [
                                116.628987,
                                39.881594,
                                0
                            ],
                            [
                                116.627585,
                                39.890477,
                                0
                            ],
                            [
                                116.615603,
                                39.889794,
                                0
                            ],
                            [
                                116.61531,
                                39.895503,
                                0
                            ],
                            [
                                116.621019,
                                39.898854,
                                0
                            ],
                            [
                                116.623361,
                                39.904271,
                                0
                            ],
                            [
                                116.620245,
                                39.90767,
                                0
                            ],
                            [
                                116.623006,
                                39.913818,
                                0
                            ],
                            [
                                116.620956,
                                39.923103,
                                0
                            ],
                            [
                                116.630576,
                                39.921672,
                                0
                            ],
                            [
                                116.624156,
                                39.929981,
                                0
                            ],
                            [
                                116.6293,
                                39.931314,
                                0
                            ],
                            [
                                116.629677,
                                39.938727,
                                0
                            ],
                            [
                                116.633441,
                                39.940906,
                                0
                            ],
                            [
                                116.630492,
                                39.946156,
                                0
                            ],
                            [
                                116.632228,
                                39.950545,
                                0
                            ],
                            [
                                116.645277,
                                39.945977,
                                0
                            ],
                            [
                                116.643081,
                                39.952983,
                                0
                            ],
                            [
                                116.641827,
                                39.969575,
                                0
                            ],
                            [
                                116.639819,
                                39.982606,
                                0
                            ],
                            [
                                116.634026,
                                39.981696,
                                0
                            ],
                            [
                                116.63365,
                                39.986197,
                                0
                            ],
                            [
                                116.639129,
                                39.986879,
                                0
                            ],
                            [
                                116.640321,
                                39.990177,
                                0
                            ],
                            [
                                116.643751,
                                39.989608,
                                0
                            ],
                            [
                                116.642684,
                                39.996755,
                                0
                            ],
                            [
                                116.637582,
                                40.002359,
                                0
                            ],
                            [
                                116.63273,
                                39.999825,
                                0
                            ],
                            [
                                116.625766,
                                40.003122,
                                0
                            ],
                            [
                                116.628129,
                                40.007653,
                                0
                            ],
                            [
                                116.61989,
                                40.011794,
                                0
                            ],
                            [
                                116.60132,
                                40.013873,
                                0
                            ],
                            [
                                116.595548,
                                40.01751,
                                0
                            ]
                        ]
                    ],
                    [
                        [
                            [
                                116.603683,
                                40.052949,
                                0
                            ],
                            [
                                116.608409,
                                40.054912,
                                0
                            ],
                            [
                                116.603473,
                                40.086811,
                                0
                            ],
                            [
                                116.602909,
                                40.093883,
                                0
                            ],
                            [
                                116.598392,
                                40.103874,
                                0
                            ],
                            [
                                116.598705,
                                40.09351,
                                0
                            ],
                            [
                                116.595903,
                                40.090218,
                                0
                            ],
                            [
                                116.580365,
                                40.088352,
                                0
                            ],
                            [
                                116.578316,
                                40.102739,
                                0
                            ],
                            [
                                116.574071,
                                40.107815,
                                0
                            ],
                            [
                                116.574322,
                                40.096138,
                                0
                            ],
                            [
                                116.578149,
                                40.076461,
                                0
                            ],
                            [
                                116.581411,
                                40.067846,
                                0
                            ],
                            [
                                116.58139,
                                40.073817,
                                0
                            ],
                            [
                                116.586597,
                                40.074336,
                                0
                            ],
                            [
                                116.590131,
                                40.056162,
                                0
                            ],
                            [
                                116.587957,
                                40.05053,
                                0
                            ],
                            [
                                116.591198,
                                40.051796,
                                0
                            ],
                            [
                                116.591993,
                                40.043129,
                                0
                            ],
                            [
                                116.599814,
                                40.041408,
                                0
                            ],
                            [
                                116.599417,
                                40.047171,
                                0
                            ],
                            [
                                116.601633,
                                40.047658,
                                0
                            ],
                            [
                                116.598517,
                                40.052543,
                                0
                            ],
                            [
                                116.603683,
                                40.052949,
                                0
                            ]
                        ]
                    ]
                ]
            },
            "properties": {
                "name": "朝阳区",
                "_color": "#e170e5",
                "center": [
                    116.54965902173912,
                    40.00354286400403,
                    0
                ]
            }
        },
        {
            "type": "Feature",
            "geometry": {
                "type": "Polygon",
                "coordinates": [
                    [
                        [
                            116.725518,
                            39.624075,
                            0
                        ],
                        [
                            116.721398,
                            39.629415,
                            0
                        ],
                        [
                            116.723489,
                            39.639033,
                            0
                        ],
                        [
                            116.716003,
                            39.640356,
                            0
                        ],
                        [
                            116.710419,
                            39.639686,
                            0
                        ],
                        [
                            116.70609,
                            39.642903,
                            0
                        ],
                        [
                            116.702891,
                            39.649923,
                            0
                        ],
                        [
                            116.702138,
                            39.657644,
                            0
                        ],
                        [
                            116.704857,
                            39.667192,
                            0
                        ],
                        [
                            116.703769,
                            39.674145,
                            0
                        ],
                        [
                            116.693543,
                            39.674944,
                            0
                        ],
                        [
                            116.692706,
                            39.676789,
                            0
                        ],
                        [
                            116.685554,
                            39.676886,
                            0
                        ],
                        [
                            116.680786,
                            39.674896,
                            0
                        ],
                        [
                            116.675203,
                            39.676234,
                            0
                        ],
                        [
                            116.668574,
                            39.674602,
                            0
                        ],
                        [
                            116.666022,
                            39.679693,
                            0
                        ],
                        [
                            116.669577,
                            39.683642,
                            0
                        ],
                        [
                            116.666566,
                            39.687101,
                            0
                        ],
                        [
                            116.65818,
                            39.68857,
                            0
                        ],
                        [
                            116.658097,
                            39.686155,
                            0
                        ],
                        [
                            116.651321,
                            39.687868,
                            0
                        ],
                        [
                            116.651509,
                            39.694459,
                            0
                        ],
                        [
                            116.647097,
                            39.694786,
                            0
                        ],
                        [
                            116.64626,
                            39.700447,
                            0
                        ],
                        [
                            116.647912,
                            39.703579,
                            0
                        ],
                        [
                            116.653098,
                            39.703823,
                            0
                        ],
                        [
                            116.652994,
                            39.708619,
                            0
                        ],
                        [
                            116.644587,
                            39.709647,
                            0
                        ],
                        [
                            116.638502,
                            39.717166,
                            0
                        ],
                        [
                            116.637623,
                            39.723934,
                            0
                        ],
                        [
                            116.631203,
                            39.722971,
                            0
                        ],
                        [
                            116.628129,
                            39.727749,
                            0
                        ],
                        [
                            116.621646,
                            39.728076,
                            0
                        ],
                        [
                            116.621876,
                            39.725825,
                            0
                        ],
                        [
                            116.616251,
                            39.725581,
                            0
                        ],
                        [
                            116.609141,
                            39.719367,
                            0
                        ],
                        [
                            116.604561,
                            39.718731,
                            0
                        ],
                        [
                            116.604017,
                            39.714752,
                            0
                        ],
                        [
                            116.598371,
                            39.711963,
                            0
                        ],
                        [
                            116.590194,
                            39.711522,
                            0
                        ],
                        [
                            116.590152,
                            39.713349,
                            0
                        ],
                        [
                            116.581202,
                            39.712517,
                            0
                        ],
                        [
                            116.579884,
                            39.710234,
                            0
                        ],
                        [
                            116.573464,
                            39.709125,
                            0
                        ],
                        [
                            116.573276,
                            39.714507,
                            0
                        ],
                        [
                            116.544961,
                            39.715045,
                            0
                        ],
                        [
                            116.535676,
                            39.711881,
                            0
                        ],
                        [
                            116.530552,
                            39.713268,
                            0
                        ],
                        [
                            116.53256,
                            39.71529,
                            0
                        ],
                        [
                            116.527332,
                            39.716578,
                            0
                        ],
                        [
                            116.52936,
                            39.719808,
                            0
                        ],
                        [
                            116.534609,
                            39.718079,
                            0
                        ],
                        [
                            116.536972,
                            39.72152,
                            0
                        ],
                        [
                            116.53783,
                            39.728043,
                            0
                        ],
                        [
                            116.531849,
                            39.730016,
                            0
                        ],
                        [
                            116.532413,
                            39.73962,
                            0
                        ],
                        [
                            116.537997,
                            39.738071,
                            0
                        ],
                        [
                            116.53624,
                            39.740663,
                            0
                        ],
                        [
                            116.527562,
                            39.743304,
                            0
                        ],
                        [
                            116.531159,
                            39.747559,
                            0
                        ],
                        [
                            116.523003,
                            39.749678,
                            0
                        ],
                        [
                            116.525178,
                            39.762392,
                            0
                        ],
                        [
                            116.520075,
                            39.765782,
                            0
                        ],
                        [
                            116.52363,
                            39.769922,
                            0
                        ],
                        [
                            116.528294,
                            39.761463,
                            0
                        ],
                        [
                            116.540423,
                            39.761072,
                            0
                        ],
                        [
                            116.539879,
                            39.766255,
                            0
                        ],
                        [
                            116.536491,
                            39.768406,
                            0
                        ],
                        [
                            116.545797,
                            39.768732,
                            0
                        ],
                        [
                            116.544647,
                            39.772301,
                            0
                        ],
                        [
                            116.536136,
                            39.769873,
                            0
                        ],
                        [
                            116.530092,
                            39.778836,
                            0
                        ],
                        [
                            116.538081,
                            39.78128,
                            0
                        ],
                        [
                            116.532894,
                            39.786542,
                            0
                        ],
                        [
                            116.530929,
                            39.79174,
                            0
                        ],
                        [
                            116.537537,
                            39.796676,
                            0
                        ],
                        [
                            116.535111,
                            39.800146,
                            0
                        ],
                        [
                            116.541678,
                            39.803159,
                            0
                        ],
                        [
                            116.540527,
                            39.811857,
                            0
                        ],
                        [
                            116.533375,
                            39.819658,
                            0
                        ],
                        [
                            116.539586,
                            39.821563,
                            0
                        ],
                        [
                            116.534944,
                            39.82482,
                            0
                        ],
                        [
                            116.525868,
                            39.826904,
                            0
                        ],
                        [
                            116.525366,
                            39.829754,
                            0
                        ],
                        [
                            116.516164,
                            39.829835,
                            0
                        ],
                        [
                            116.510602,
                            39.827637,
                            0
                        ],
                        [
                            116.510142,
                            39.821449,
                            0
                        ],
                        [
                            116.502801,
                            39.819006,
                            0
                        ],
                        [
                            116.505813,
                            39.817866,
                            0
                        ],
                        [
                            116.498201,
                            39.8157,
                            0
                        ],
                        [
                            116.495357,
                            39.818795,
                            0
                        ],
                        [
                            116.485632,
                            39.816889,
                            0
                        ],
                        [
                            116.485256,
                            39.81272,
                            0
                        ],
                        [
                            116.474256,
                            39.809772,
                            0
                        ],
                        [
                            116.468463,
                            39.814511,
                            0
                        ],
                        [
                            116.462775,
                            39.815945,
                            0
                        ],
                        [
                            116.452737,
                            39.823012,
                            0
                        ],
                        [
                            116.443912,
                            39.82096,
                            0
                        ],
                        [
                            116.44592,
                            39.826692,
                            0
                        ],
                        [
                            116.436677,
                            39.827425,
                            0
                        ],
                        [
                            116.43699,
                            39.830649,
                            0
                        ],
                        [
                            116.430068,
                            39.830112,
                            0
                        ],
                        [
                            116.425217,
                            39.831903,
                            0
                        ],
                        [
                            116.420072,
                            39.826611,
                            0
                        ],
                        [
                            116.415785,
                            39.829428,
                            0
                        ],
                        [
                            116.414426,
                            39.824282,
                            0
                        ],
                        [
                            116.418441,
                            39.822915,
                            0
                        ],
                        [
                            116.419759,
                            39.815375,
                            0
                        ],
                        [
                            116.41016,
                            39.817052,
                            0
                        ],
                        [
                            116.410013,
                            39.811336,
                            0
                        ],
                        [
                            116.415262,
                            39.812525,
                            0
                        ],
                        [
                            116.417772,
                            39.81013,
                            0
                        ],
                        [
                            116.422456,
                            39.81044,
                            0
                        ],
                        [
                            116.425719,
                            39.805358,
                            0
                        ],
                        [
                            116.429399,
                            39.803583,
                            0
                        ],
                        [
                            116.429274,
                            39.794102,
                            0
                        ],
                        [
                            116.421034,
                            39.794134,
                            0
                        ],
                        [
                            116.42024,
                            39.787439,
                            0
                        ],
                        [
                            116.396023,
                            39.786738,
                            0
                        ],
                        [
                            116.397905,
                            39.781068,
                            0
                        ],
                        [
                            116.398888,
                            39.765864,
                            0
                        ],
                        [
                            116.391903,
                            39.765277,
                            0
                        ],
                        [
                            116.390649,
                            39.780465,
                            0
                        ],
                        [
                            116.385609,
                            39.778852,
                            0
                        ],
                        [
                            116.379209,
                            39.77939,
                            0
                        ],
                        [
                            116.378478,
                            39.785646,
                            0
                        ],
                        [
                            116.367582,
                            39.784962,
                            0
                        ],
                        [
                            116.365742,
                            39.794151,
                            0
                        ],
                        [
                            116.368189,
                            39.794819,
                            0
                        ],
                        [
                            116.367039,
                            39.79982,
                            0
                        ],
                        [
                            116.356833,
                            39.800471,
                            0
                        ],
                        [
                            116.355704,
                            39.805668,
                            0
                        ],
                        [
                            116.341755,
                            39.807589,
                            0
                        ],
                        [
                            116.340124,
                            39.802149,
                            0
                        ],
                        [
                            116.328225,
                            39.801416,
                            0
                        ],
                        [
                            116.326824,
                            39.798386,
                            0
                        ],
                        [
                            116.322872,
                            39.798386,
                            0
                        ],
                        [
                            116.321784,
                            39.783626,
                            0
                        ],
                        [
                            116.317978,
                            39.783447,
                            0
                        ],
                        [
                            116.31068,
                            39.772057,
                            0
                        ],
                        [
                            116.307062,
                            39.770085,
                            0
                        ],
                        [
                            116.301541,
                            39.774941,
                            0
                        ],
                        [
                            116.295205,
                            39.790958,
                            0
                        ],
                        [
                            116.291148,
                            39.793271,
                            0
                        ],
                        [
                            116.296083,
                            39.795568,
                            0
                        ],
                        [
                            116.289182,
                            39.795894,
                            0
                        ],
                        [
                            116.287237,
                            39.799103,
                            0
                        ],
                        [
                            116.27423,
                            39.796936,
                            0
                        ],
                        [
                            116.262184,
                            39.792782,
                            0
                        ],
                        [
                            116.259298,
                            39.797621,
                            0
                        ],
                        [
                            116.251519,
                            39.793059,
                            0
                        ],
                        [
                            116.251602,
                            39.782518,
                            0
                        ],
                        [
                            116.253777,
                            39.77952,
                            0
                        ],
                        [
                            116.252481,
                            39.771747,
                            0
                        ],
                        [
                            116.254426,
                            39.76324,
                            0
                        ],
                        [
                            116.252481,
                            39.758676,
                            0
                        ],
                        [
                            116.251895,
                            39.749092,
                            0
                        ],
                        [
                            116.243948,
                            39.741658,
                            0
                        ],
                        [
                            116.248026,
                            39.732641,
                            0
                        ],
                        [
                            116.248466,
                            39.728027,
                            0
                        ],
                        [
                            116.245768,
                            39.72408,
                            0
                        ],
                        [
                            116.245036,
                            39.718421,
                            0
                        ],
                        [
                            116.236629,
                            39.71286,
                            0
                        ],
                        [
                            116.231945,
                            39.706025,
                            0
                        ],
                        [
                            116.23435,
                            39.703823,
                            0
                        ],
                        [
                            116.230941,
                            39.692355,
                            0
                        ],
                        [
                            116.221238,
                            39.678453,
                            0
                        ],
                        [
                            116.22565,
                            39.67359,
                            0
                        ],
                        [
                            116.221342,
                            39.667486,
                            0
                        ],
                        [
                            116.223162,
                            39.664728,
                            0
                        ],
                        [
                            116.216992,
                            39.651572,
                            0
                        ],
                        [
                            116.215487,
                            39.64305,
                            0
                        ],
                        [
                            116.218875,
                            39.628011,
                            0
                        ],
                        [
                            116.219502,
                            39.618931,
                            0
                        ],
                        [
                            116.21808,
                            39.608102,
                            0
                        ],
                        [
                            116.223141,
                            39.597222,
                            0
                        ],
                        [
                            116.222597,
                            39.593938,
                            0
                        ],
                        [
                            116.226089,
                            39.591993,
                            0
                        ],
                        [
                            116.225085,
                            39.584085,
                            0
                        ],
                        [
                            116.221175,
                            39.578921,
                            0
                        ],
                        [
                            116.225817,
                            39.568151,
                            0
                        ],
                        [
                            116.229373,
                            39.565471,
                            0
                        ],
                        [
                            116.236462,
                            39.568396,
                            0
                        ],
                        [
                            116.234684,
                            39.563934,
                            0
                        ],
                        [
                            116.240644,
                            39.564098,
                            0
                        ],
                        [
                            116.243007,
                            39.55836,
                            0
                        ],
                        [
                            116.246186,
                            39.557167,
                            0
                        ],
                        [
                            116.242505,
                            39.552966,
                            0
                        ],
                        [
                            116.246521,
                            39.539788,
                            0
                        ],
                        [
                            116.245601,
                            39.53014,
                            0
                        ],
                        [
                            116.248256,
                            39.530271,
                            0
                        ],
                        [
                            116.246479,
                            39.525299,
                            0
                        ],
                        [
                            116.24353,
                            39.524236,
                            0
                        ],
                        [
                            116.246709,
                            39.520098,
                            0
                        ],
                        [
                            116.245831,
                            39.514897,
                            0
                        ],
                        [
                            116.253861,
                            39.510055,
                            0
                        ],
                        [
                            116.25706,
                            39.505491,
                            0
                        ],
                        [
                            116.257939,
                            39.500518,
                            0
                        ],
                        [
                            116.269315,
                            39.495495,
                            0
                        ],
                        [
                            116.275631,
                            39.495201,
                            0
                        ],
                        [
                            116.279269,
                            39.491306,
                            0
                        ],
                        [
                            116.283201,
                            39.493941,
                            0
                        ],
                        [
                            116.305284,
                            39.489179,
                            0
                        ],
                        [
                            116.306957,
                            39.485023,
                            0
                        ],
                        [
                            116.312708,
                            39.480556,
                            0
                        ],
                        [
                            116.314779,
                            39.476104,
                            0
                        ],
                        [
                            116.319944,
                            39.473436,
                            0
                        ],
                        [
                            116.320048,
                            39.468543,
                            0
                        ],
                        [
                            116.325088,
                            39.466153,
                            0
                        ],
                        [
                            116.325611,
                            39.462961,
                            0
                        ],
                        [
                            116.334499,
                            39.457019,
                            0
                        ],
                        [
                            116.350162,
                            39.45291,
                            0
                        ],
                        [
                            116.351124,
                            39.455529,
                            0
                        ],
                        [
                            116.362187,
                            39.454874,
                            0
                        ],
                        [
                            116.367791,
                            39.451633,
                            0
                        ],
                        [
                            116.373563,
                            39.452058,
                            0
                        ],
                        [
                            116.388557,
                            39.450732,
                            0
                        ],
                        [
                            116.391903,
                            39.452893,
                            0
                        ],
                        [
                            116.399787,
                            39.450044,
                            0
                        ],
                        [
                            116.408947,
                            39.450257,
                            0
                        ],
                        [
                            116.425635,
                            39.446885,
                            0
                        ],
                        [
                            116.434397,
                            39.442758,
                            0
                        ],
                        [
                            116.437241,
                            39.445951,
                            0
                        ],
                        [
                            116.450353,
                            39.448522,
                            0
                        ],
                        [
                            116.450667,
                            39.452648,
                            0
                        ],
                        [
                            116.454682,
                            39.453302,
                            0
                        ],
                        [
                            116.453992,
                            39.45751,
                            0
                        ],
                        [
                            116.448638,
                            39.465122,
                            0
                        ],
                        [
                            116.448764,
                            39.476284,
                            0
                        ],
                        [
                            116.444059,
                            39.47887,
                            0
                        ],
                        [
                            116.444142,
                            39.482192,
                            0
                        ],
                        [
                            116.436258,
                            39.482912,
                            0
                        ],
                        [
                            116.433644,
                            39.478183,
                            0
                        ],
                        [
                            116.428333,
                            39.476219,
                            0
                        ],
                        [
                            116.425342,
                            39.481259,
                            0
                        ],
                        [
                            116.429964,
                            39.481325,
                            0
                        ],
                        [
                            116.427329,
                            39.487788,
                            0
                        ],
                        [
                            116.423544,
                            39.485154,
                            0
                        ],
                        [
                            116.412376,
                            39.482077,
                            0
                        ],
                        [
                            116.411582,
                            39.485105,
                            0
                        ],
                        [
                            116.415827,
                            39.48823,
                            0
                        ],
                        [
                            116.418504,
                            39.496575,
                            0
                        ],
                        [
                            116.422895,
                            39.496608,
                            0
                        ],
                        [
                            116.418734,
                            39.506391,
                            0
                        ],
                        [
                            116.40857,
                            39.508011,
                            0
                        ],
                        [
                            116.407253,
                            39.512116,
                            0
                        ],
                        [
                            116.40282,
                            39.51439,
                            0
                        ],
                        [
                            116.402652,
                            39.526886,
                            0
                        ],
                        [
                            116.405538,
                            39.528194,
                            0
                        ],
                        [
                            116.411247,
                            39.524678,
                            0
                        ],
                        [
                            116.421473,
                            39.525103,
                            0
                        ],
                        [
                            116.424046,
                            39.522732,
                            0
                        ],
                        [
                            116.423125,
                            39.516337,
                            0
                        ],
                        [
                            116.424631,
                            39.509728,
                            0
                        ],
                        [
                            116.431699,
                            39.51053,
                            0
                        ],
                        [
                            116.433017,
                            39.507438,
                            0
                        ],
                        [
                            116.443829,
                            39.509875,
                            0
                        ],
                        [
                            116.442741,
                            39.516189,
                            0
                        ],
                        [
                            116.440378,
                            39.516271,
                            0
                        ],
                        [
                            116.439876,
                            39.523353,
                            0
                        ],
                        [
                            116.437513,
                            39.52651,
                            0
                        ],
                        [
                            116.440985,
                            39.527311,
                            0
                        ],
                        [
                            116.45372,
                            39.526477,
                            0
                        ],
                        [
                            116.453846,
                            39.528652,
                            0
                        ],
                        [
                            116.464553,
                            39.527638,
                            0
                        ],
                        [
                            116.464595,
                            39.531628,
                            0
                        ],
                        [
                            116.468819,
                            39.534359,
                            0
                        ],
                        [
                            116.478188,
                            39.535487,
                            0
                        ],
                        [
                            116.47802,
                            39.543205,
                            0
                        ],
                        [
                            116.475134,
                            39.545756,
                            0
                        ],
                        [
                            116.470952,
                            39.5546,
                            0
                        ],
                        [
                            116.473378,
                            39.553096,
                            0
                        ],
                        [
                            116.48948,
                            39.553472,
                            0
                        ],
                        [
                            116.489773,
                            39.550268,
                            0
                        ],
                        [
                            116.508448,
                            39.551053,
                            0
                        ],
                        [
                            116.50805,
                            39.560256,
                            0
                        ],
                        [
                            116.510581,
                            39.560502,
                            0
                        ],
                        [
                            116.511564,
                            39.565503,
                            0
                        ],
                        [
                            116.519385,
                            39.566484,
                            0
                        ],
                        [
                            116.520389,
                            39.57191,
                            0
                        ],
                        [
                            116.527248,
                            39.57294,
                            0
                        ],
                        [
                            116.52614,
                            39.577271,
                            0
                        ],
                        [
                            116.520389,
                            39.577156,
                            0
                        ],
                        [
                            116.519699,
                            39.581863,
                            0
                        ],
                        [
                            116.52317,
                            39.586242,
                            0
                        ],
                        [
                            116.521267,
                            39.590229,
                            0
                        ],
                        [
                            116.525052,
                            39.593807,
                            0
                        ],
                        [
                            116.524446,
                            39.596535,
                            0
                        ],
                        [
                            116.530615,
                            39.598774,
                            0
                        ],
                        [
                            116.530866,
                            39.596715,
                            0
                        ],
                        [
                            116.541803,
                            39.59348,
                            0
                        ],
                        [
                            116.540883,
                            39.60142,
                            0
                        ],
                        [
                            116.544124,
                            39.603609,
                            0
                        ],
                        [
                            116.544187,
                            39.596519,
                            0
                        ],
                        [
                            116.549436,
                            39.596143,
                            0
                        ],
                        [
                            116.557132,
                            39.601502,
                            0
                        ],
                        [
                            116.562276,
                            39.601714,
                            0
                        ],
                        [
                            116.566605,
                            39.604361,
                            0
                        ],
                        [
                            116.566103,
                            39.61114,
                            0
                        ],
                        [
                            116.569637,
                            39.61176,
                            0
                        ],
                        [
                            116.565978,
                            39.616138,
                            0
                        ],
                        [
                            116.565936,
                            39.61978,
                            0
                        ],
                        [
                            116.579382,
                            39.619666,
                            0
                        ],
                        [
                            116.579194,
                            39.623487,
                            0
                        ],
                        [
                            116.591993,
                            39.621299,
                            0
                        ],
                        [
                            116.593561,
                            39.618588,
                            0
                        ],
                        [
                            116.600128,
                            39.619649,
                            0
                        ],
                        [
                            116.602177,
                            39.624533,
                            0
                        ],
                        [
                            116.607886,
                            39.624696,
                            0
                        ],
                        [
                            116.607781,
                            39.619698,
                            0
                        ],
                        [
                            116.611755,
                            39.618882,
                            0
                        ],
                        [
                            116.613177,
                            39.613802,
                            0
                        ],
                        [
                            116.616648,
                            39.614096,
                            0
                        ],
                        [
                            116.616857,
                            39.607301,
                            0
                        ],
                        [
                            116.620182,
                            39.606893,
                            0
                        ],
                        [
                            116.620517,
                            39.601665,
                            0
                        ],
                        [
                            116.628338,
                            39.599558,
                            0
                        ],
                        [
                            116.635407,
                            39.599934,
                            0
                        ],
                        [
                            116.635595,
                            39.604818,
                            0
                        ],
                        [
                            116.645549,
                            39.60209,
                            0
                        ],
                        [
                            116.646532,
                            39.599117,
                            0
                        ],
                        [
                            116.657678,
                            39.60075,
                            0
                        ],
                        [
                            116.6568,
                            39.602776,
                            0
                        ],
                        [
                            116.662384,
                            39.60521,
                            0
                        ],
                        [
                            116.670037,
                            39.604916,
                            0
                        ],
                        [
                            116.669975,
                            39.603381,
                            0
                        ],
                        [
                            116.6889,
                            39.598496,
                            0
                        ],
                        [
                            116.694087,
                            39.601355,
                            0
                        ],
                        [
                            116.696408,
                            39.595392,
                            0
                        ],
                        [
                            116.699127,
                            39.595457,
                            0
                        ],
                        [
                            116.700695,
                            39.590964,
                            0
                        ],
                        [
                            116.705108,
                            39.587974,
                            0
                        ],
                        [
                            116.727065,
                            39.593055,
                            0
                        ],
                        [
                            116.724953,
                            39.598006,
                            0
                        ],
                        [
                            116.718324,
                            39.601077,
                            0
                        ],
                        [
                            116.718282,
                            39.603021,
                            0
                        ],
                        [
                            116.702577,
                            39.610421,
                            0
                        ],
                        [
                            116.700737,
                            39.62107,
                            0
                        ],
                        [
                            116.705338,
                            39.621462,
                            0
                        ],
                        [
                            116.70929,
                            39.618114,
                            0
                        ],
                        [
                            116.716149,
                            39.62156,
                            0
                        ],
                        [
                            116.721858,
                            39.621756,
                            0
                        ],
                        [
                            116.725518,
                            39.624075,
                            0
                        ]
                    ]
                ]
            },
            "properties": {
                "name": "大兴区",
                "_color": "#e222a2",
                "center": [
                    116.46845288921288,
                    39.65086585714285,
                    0
                ]
            }
        },
        {
            "type": "Feature",
            "geometry": {
                "type": "Polygon",
                "coordinates": [
                    [
                        [
                            116.44364,
                            39.87284,
                            0
                        ],
                        [
                            116.445648,
                            39.879283,
                            0
                        ],
                        [
                            116.444059,
                            39.890038,
                            0
                        ],
                        [
                            116.450939,
                            39.890249,
                            0
                        ],
                        [
                            116.450876,
                            39.894088,
                            0
                        ],
                        [
                            116.447154,
                            39.894186,
                            0
                        ],
                        [
                            116.446819,
                            39.900042,
                            0
                        ],
                        [
                            116.448722,
                            39.903246,
                            0
                        ],
                        [
                            116.436488,
                            39.902042,
                            0
                        ],
                        [
                            116.434983,
                            39.913964,
                            0
                        ],
                        [
                            116.434314,
                            39.92868,
                            0
                        ],
                        [
                            116.443682,
                            39.928664,
                            0
                        ],
                        [
                            116.443703,
                            39.936663,
                            0
                        ],
                        [
                            116.446338,
                            39.946205,
                            0
                        ],
                        [
                            116.440566,
                            39.945295,
                            0
                        ],
                        [
                            116.442239,
                            39.9497,
                            0
                        ],
                        [
                            116.435422,
                            39.952121,
                            0
                        ],
                        [
                            116.436698,
                            39.949245,
                            0
                        ],
                        [
                            116.429483,
                            39.950155,
                            0
                        ],
                        [
                            116.429002,
                            39.957274,
                            0
                        ],
                        [
                            116.424861,
                            39.962279,
                            0
                        ],
                        [
                            116.414196,
                            39.962182,
                            0
                        ],
                        [
                            116.411415,
                            39.964928,
                            0
                        ],
                        [
                            116.411101,
                            39.97146,
                            0
                        ],
                        [
                            116.407504,
                            39.973995,
                            0
                        ],
                        [
                            116.40788,
                            39.962182,
                            0
                        ],
                        [
                            116.389498,
                            39.96314,
                            0
                        ],
                        [
                            116.387658,
                            39.96093,
                            0
                        ],
                        [
                            116.38678,
                            39.957014,
                            0
                        ],
                        [
                            116.393346,
                            39.957355,
                            0
                        ],
                        [
                            116.394266,
                            39.940629,
                            0
                        ],
                        [
                            116.396169,
                            39.94006,
                            0
                        ],
                        [
                            116.396692,
                            39.928306,
                            0
                        ],
                        [
                            116.399474,
                            39.923574,
                            0
                        ],
                        [
                            116.392175,
                            39.92242,
                            0
                        ],
                        [
                            116.392259,
                            39.907881,
                            0
                        ],
                        [
                            116.395563,
                            39.907995,
                            0
                        ],
                        [
                            116.396086,
                            39.89944,
                            0
                        ],
                        [
                            116.397612,
                            39.898675,
                            0
                        ],
                        [
                            116.399097,
                            39.872205,
                            0
                        ],
                        [
                            116.38059,
                            39.871148,
                            0
                        ],
                        [
                            116.380632,
                            39.866054,
                            0
                        ],
                        [
                            116.387888,
                            39.867372,
                            0
                        ],
                        [
                            116.394956,
                            39.862734,
                            0
                        ],
                        [
                            116.3955,
                            39.858682,
                            0
                        ],
                        [
                            116.406856,
                            39.859967,
                            0
                        ],
                        [
                            116.41246,
                            39.858942,
                            0
                        ],
                        [
                            116.41589,
                            39.863645,
                            0
                        ],
                        [
                            116.413652,
                            39.871148,
                            0
                        ],
                        [
                            116.423209,
                            39.872824,
                            0
                        ],
                        [
                            116.442574,
                            39.87188,
                            0
                        ],
                        [
                            116.44364,
                            39.87284,
                            0
                        ]
                    ]
                ]
            },
            "properties": {
                "name": "东城区",
                "_color": "#8c1301",
                "center": [
                    116.41722772549015,
                    39.91539266666666,
                    0
                ]
            }
        },
        {
            "type": "Feature",
            "geometry": {
                "type": "Polygon",
                "coordinates": [
                    [
                        [
                            116.05465,
                            39.845953,
                            0
                        ],
                        [
                            116.045825,
                            39.84732,
                            0
                        ],
                        [
                            116.04181,
                            39.844878,
                            0
                        ],
                        [
                            116.033089,
                            39.845904,
                            0
                        ],
                        [
                            116.030308,
                            39.843462,
                            0
                        ],
                        [
                            116.021023,
                            39.840662,
                            0
                        ],
                        [
                            116.018367,
                            39.841525,
                            0
                        ],
                        [
                            116.016694,
                            39.849225,
                            0
                        ],
                        [
                            116.00789,
                            39.849469,
                            0
                        ],
                        [
                            115.991285,
                            39.840222,
                            0
                        ],
                        [
                            115.98428,
                            39.849111,
                            0
                        ],
                        [
                            115.98817,
                            39.859837,
                            0
                        ],
                        [
                            115.986789,
                            39.864703,
                            0
                        ],
                        [
                            115.992875,
                            39.867356,
                            0
                        ],
                        [
                            115.997245,
                            39.875167,
                            0
                        ],
                        [
                            115.990177,
                            39.876338,
                            0
                        ],
                        [
                            115.97627,
                            39.870497,
                            0
                        ],
                        [
                            115.976563,
                            39.868251,
                            0
                        ],
                        [
                            115.968742,
                            39.867714,
                            0
                        ],
                        [
                            115.967822,
                            39.872059,
                            0
                        ],
                        [
                            115.961318,
                            39.867877,
                            0
                        ],
                        [
                            115.954145,
                            39.866786,
                            0
                        ],
                        [
                            115.949837,
                            39.871278,
                            0
                        ],
                        [
                            115.92744,
                            39.876192,
                            0
                        ],
                        [
                            115.921856,
                            39.884164,
                            0
                        ],
                        [
                            115.935805,
                            39.898236,
                            0
                        ],
                        [
                            115.944965,
                            39.901847,
                            0
                        ],
                        [
                            115.945697,
                            39.910972,
                            0
                        ],
                        [
                            115.941159,
                            39.917509,
                            0
                        ],
                        [
                            115.935868,
                            39.917753,
                            0
                        ],
                        [
                            115.927858,
                            39.914257,
                            0
                        ],
                        [
                            115.903935,
                            39.914029,
                            0
                        ],
                        [
                            115.890112,
                            39.917281,
                            0
                        ],
                        [
                            115.87884,
                            39.915964,
                            0
                        ],
                        [
                            115.87311,
                            39.912484,
                            0
                        ],
                        [
                            115.868321,
                            39.905572,
                            0
                        ],
                        [
                            115.860897,
                            39.901359,
                            0
                        ],
                        [
                            115.845255,
                            39.897049,
                            0
                        ],
                        [
                            115.838772,
                            39.900644,
                            0
                        ],
                        [
                            115.835112,
                            39.899586,
                            0
                        ],
                        [
                            115.826914,
                            39.910581,
                            0
                        ],
                        [
                            115.8188,
                            39.913948,
                            0
                        ],
                        [
                            115.811084,
                            39.913785,
                            0
                        ],
                        [
                            115.806839,
                            39.919656,
                            0
                        ],
                        [
                            115.797344,
                            39.92216,
                            0
                        ],
                        [
                            115.792848,
                            39.920859,
                            0
                        ],
                        [
                            115.774257,
                            39.920599,
                            0
                        ],
                        [
                            115.769385,
                            39.925233,
                            0
                        ],
                        [
                            115.76148,
                            39.920989,
                            0
                        ],
                        [
                            115.749622,
                            39.917655,
                            0
                        ],
                        [
                            115.74889,
                            39.9152,
                            0
                        ],
                        [
                            115.731261,
                            39.907865,
                            0
                        ],
                        [
                            115.721621,
                            39.906824,
                            0
                        ],
                        [
                            115.719592,
                            39.904612,
                            0
                        ],
                        [
                            115.709178,
                            39.905117,
                            0
                        ],
                        [
                            115.691779,
                            39.8997,
                            0
                        ],
                        [
                            115.68929,
                            39.896187,
                            0
                        ],
                        [
                            115.682556,
                            39.893047,
                            0
                        ],
                        [
                            115.678144,
                            39.886556,
                            0
                        ],
                        [
                            115.671055,
                            39.88597,
                            0
                        ],
                        [
                            115.667541,
                            39.883888,
                            0
                        ],
                        [
                            115.654869,
                            39.882505,
                            0
                        ],
                        [
                            115.648867,
                            39.875411,
                            0
                        ],
                        [
                            115.644705,
                            39.875964,
                            0
                        ],
                        [
                            115.640021,
                            39.871554,
                            0
                        ],
                        [
                            115.630987,
                            39.871977,
                            0
                        ],
                        [
                            115.623103,
                            39.866949,
                            0
                        ],
                        [
                            115.621973,
                            39.863271,
                            0
                        ],
                        [
                            115.616369,
                            39.857542,
                            0
                        ],
                        [
                            115.613086,
                            39.843755,
                            0
                        ],
                        [
                            115.607586,
                            39.84089,
                            0
                        ],
                        [
                            115.604533,
                            39.834443,
                            0
                        ],
                        [
                            115.599325,
                            39.829151,
                            0
                        ],
                        [
                            115.596649,
                            39.821498,
                            0
                        ],
                        [
                            115.59117,
                            39.818534,
                            0
                        ],
                        [
                            115.587322,
                            39.813762,
                            0
                        ],
                        [
                            115.577367,
                            39.812541,
                            0
                        ],
                        [
                            115.569274,
                            39.813274,
                            0
                        ],
                        [
                            115.566367,
                            39.809788,
                            0
                        ],
                        [
                            115.566577,
                            39.804609,
                            0
                        ],
                        [
                            115.56229,
                            39.803713,
                            0
                        ],
                        [
                            115.554866,
                            39.795601,
                            0
                        ],
                        [
                            115.539432,
                            39.794754,
                            0
                        ],
                        [
                            115.536275,
                            39.792131,
                            0
                        ],
                        [
                            115.513815,
                            39.788693,
                            0
                        ],
                        [
                            115.508712,
                            39.784082,
                            0
                        ],
                        [
                            115.497336,
                            39.791088,
                            0
                        ],
                        [
                            115.49238,
                            39.796057,
                            0
                        ],
                        [
                            115.483241,
                            39.798679,
                            0
                        ],
                        [
                            115.475859,
                            39.791821,
                            0
                        ],
                        [
                            115.45777,
                            39.782143,
                            0
                        ],
                        [
                            115.452751,
                            39.781964,
                            0
                        ],
                        [
                            115.443382,
                            39.785646,
                            0
                        ],
                        [
                            115.434076,
                            39.782274,
                            0
                        ],
                        [
                            115.431169,
                            39.775756,
                            0
                        ],
                        [
                            115.425209,
                            39.77336,
                            0
                        ],
                        [
                            115.427029,
                            39.769775,
                            0
                        ],
                        [
                            115.430918,
                            39.772073,
                            0
                        ],
                        [
                            115.435414,
                            39.769938,
                            0
                        ],
                        [
                            115.434411,
                            39.763859,
                            0
                        ],
                        [
                            115.439158,
                            39.752678,
                            0
                        ],
                        [
                            115.457728,
                            39.744918,
                            0
                        ],
                        [
                            115.46672,
                            39.740451,
                            0
                        ],
                        [
                            115.470568,
                            39.742391,
                            0
                        ],
                        [
                            115.482321,
                            39.742473,
                            0
                        ],
                        [
                            115.492108,
                            39.73887,
                            0
                        ],
                        [
                            115.488866,
                            39.733163,
                            0
                        ],
                        [
                            115.491229,
                            39.714719,
                            0
                        ],
                        [
                            115.493404,
                            39.707494,
                            0
                        ],
                        [
                            115.490247,
                            39.701409,
                            0
                        ],
                        [
                            115.492631,
                            39.701719,
                            0
                        ],
                        [
                            115.49926,
                            39.696189,
                            0
                        ],
                        [
                            115.499783,
                            39.691278,
                            0
                        ],
                        [
                            115.496395,
                            39.685665,
                            0
                        ],
                        [
                            115.494408,
                            39.686481,
                            0
                        ],
                        [
                            115.488783,
                            39.681619,
                            0
                        ],
                        [
                            115.489724,
                            39.678012,
                            0
                        ],
                        [
                            115.486733,
                            39.673362,
                            0
                        ],
                        [
                            115.491334,
                            39.668694,
                            0
                        ],
                        [
                            115.482593,
                            39.66303,
                            0
                        ],
                        [
                            115.477971,
                            39.654216,
                            0
                        ],
                        [
                            115.478515,
                            39.650331,
                            0
                        ],
                        [
                            115.494659,
                            39.649237,
                            0
                        ],
                        [
                            115.496771,
                            39.652551,
                            0
                        ],
                        [
                            115.506705,
                            39.652127,
                            0
                        ],
                        [
                            115.511493,
                            39.644388,
                            0
                        ],
                        [
                            115.515864,
                            39.641237,
                            0
                        ],
                        [
                            115.522452,
                            39.639964,
                            0
                        ],
                        [
                            115.520423,
                            39.633416,
                            0
                        ],
                        [
                            115.521699,
                            39.622311,
                            0
                        ],
                        [
                            115.523414,
                            39.620384,
                            0
                        ],
                        [
                            115.514358,
                            39.613508,
                            0
                        ],
                        [
                            115.512121,
                            39.605129,
                            0
                        ],
                        [
                            115.515948,
                            39.591193,
                            0
                        ],
                        [
                            115.518834,
                            39.593072,
                            0
                        ],
                        [
                            115.518311,
                            39.597156,
                            0
                        ],
                        [
                            115.524229,
                            39.598937,
                            0
                        ],
                        [
                            115.530586,
                            39.602874,
                            0
                        ],
                        [
                            115.533891,
                            39.608608,
                            0
                        ],
                        [
                            115.533263,
                            39.611434,
                            0
                        ],
                        [
                            115.539119,
                            39.616285,
                            0
                        ],
                        [
                            115.545978,
                            39.618751,
                            0
                        ],
                        [
                            115.551875,
                            39.614064,
                            0
                        ],
                        [
                            115.55451,
                            39.609408,
                            0
                        ],
                        [
                            115.564569,
                            39.605619,
                            0
                        ],
                        [
                            115.567267,
                            39.599623,
                            0
                        ],
                        [
                            115.573875,
                            39.596552,
                            0
                        ],
                        [
                            115.571867,
                            39.591569,
                            0
                        ],
                        [
                            115.586109,
                            39.589412,
                            0
                        ],
                        [
                            115.592445,
                            39.59665,
                            0
                        ],
                        [
                            115.598719,
                            39.597761,
                            0
                        ],
                        [
                            115.599785,
                            39.600865,
                            0
                        ],
                        [
                            115.605285,
                            39.600032,
                            0
                        ],
                        [
                            115.6125,
                            39.601126,
                            0
                        ],
                        [
                            115.618439,
                            39.604067,
                            0
                        ],
                        [
                            115.625947,
                            39.599394,
                            0
                        ],
                        [
                            115.632555,
                            39.597695,
                            0
                        ],
                        [
                            115.634688,
                            39.603871,
                            0
                        ],
                        [
                            115.641589,
                            39.603332,
                            0
                        ],
                        [
                            115.643576,
                            39.598937,
                            0
                        ],
                        [
                            115.650268,
                            39.600996,
                            0
                        ],
                        [
                            115.657273,
                            39.600081,
                            0
                        ],
                        [
                            115.665304,
                            39.605325,
                            0
                        ],
                        [
                            115.667583,
                            39.609637,
                            0
                        ],
                        [
                            115.667479,
                            39.615256,
                            0
                        ],
                        [
                            115.673271,
                            39.608526,
                            0
                        ],
                        [
                            115.685317,
                            39.603675,
                            0
                        ],
                        [
                            115.68929,
                            39.599035,
                            0
                        ],
                        [
                            115.689269,
                            39.592941,
                            0
                        ],
                        [
                            115.694226,
                            39.587778,
                            0
                        ],
                        [
                            115.693431,
                            39.580327,
                            0
                        ],
                        [
                            115.697906,
                            39.579248,
                            0
                        ],
                        [
                            115.698596,
                            39.570586,
                            0
                        ],
                        [
                            115.694393,
                            39.56941,
                            0
                        ],
                        [
                            115.692072,
                            39.565781,
                            0
                        ],
                        [
                            115.698722,
                            39.563248,
                            0
                        ],
                        [
                            115.710161,
                            39.563019,
                            0
                        ],
                        [
                            115.717104,
                            39.560403,
                            0
                        ],
                        [
                            115.72022,
                            39.554747,
                            0
                        ],
                        [
                            115.7216,
                            39.543499,
                            0
                        ],
                        [
                            115.726953,
                            39.543908,
                            0
                        ],
                        [
                            115.726765,
                            39.548143,
                            0
                        ],
                        [
                            115.739124,
                            39.545363,
                            0
                        ],
                        [
                            115.73879,
                            39.539314,
                            0
                        ],
                        [
                            115.741487,
                            39.536289,
                            0
                        ],
                        [
                            115.743934,
                            39.526771,
                            0
                        ],
                        [
                            115.752508,
                            39.515453,
                            0
                        ],
                        [
                            115.759451,
                            39.513916,
                            0
                        ],
                        [
                            115.765328,
                            39.514848,
                            0
                        ],
                        [
                            115.768736,
                            39.508878,
                            0
                        ],
                        [
                            115.770828,
                            39.510971,
                            0
                        ],
                        [
                            115.767419,
                            39.515862,
                            0
                        ],
                        [
                            115.776537,
                            39.512722,
                            0
                        ],
                        [
                            115.777917,
                            39.513834,
                            0
                        ],
                        [
                            115.785006,
                            39.51035,
                            0
                        ],
                        [
                            115.792681,
                            39.510742,
                            0
                        ],
                        [
                            115.821456,
                            39.509499,
                            0
                        ],
                        [
                            115.828692,
                            39.507045,
                            0
                        ],
                        [
                            115.829487,
                            39.512885,
                            0
                        ],
                        [
                            115.822146,
                            39.514145,
                            0
                        ],
                        [
                            115.819762,
                            39.518528,
                            0
                        ],
                        [
                            115.824447,
                            39.518774,
                            0
                        ],
                        [
                            115.824112,
                            39.522405,
                            0
                        ],
                        [
                            115.819804,
                            39.524923,
                            0
                        ],
                        [
                            115.819219,
                            39.530762,
                            0
                        ],
                        [
                            115.822753,
                            39.530533,
                            0
                        ],
                        [
                            115.824321,
                            39.534212,
                            0
                        ],
                        [
                            115.828399,
                            39.535455,
                            0
                        ],
                        [
                            115.828692,
                            39.541309,
                            0
                        ],
                        [
                            115.84216,
                            39.54157,
                            0
                        ],
                        [
                            115.846028,
                            39.543287,
                            0
                        ],
                        [
                            115.847555,
                            39.550284,
                            0
                        ],
                        [
                            115.851361,
                            39.550448,
                            0
                        ],
                        [
                            115.855481,
                            39.554993,
                            0
                        ],
                        [
                            115.862026,
                            39.548551,
                            0
                        ],
                        [
                            115.866041,
                            39.549843,
                            0
                        ],
                        [
                            115.866355,
                            39.546361,
                            0
                        ],
                        [
                            115.872315,
                            39.546099,
                            0
                        ],
                        [
                            115.873298,
                            39.548829,
                            0
                        ],
                        [
                            115.88296,
                            39.54811,
                            0
                        ],
                        [
                            115.883587,
                            39.551102,
                            0
                        ],
                        [
                            115.887686,
                            39.55066,
                            0
                        ],
                        [
                            115.888752,
                            39.555614,
                            0
                        ],
                        [
                            115.89306,
                            39.556219,
                            0
                        ],
                        [
                            115.893416,
                            39.561875,
                            0
                        ],
                        [
                            115.890028,
                            39.567873,
                            0
                        ],
                        [
                            115.896009,
                            39.569916,
                            0
                        ],
                        [
                            115.907866,
                            39.566876,
                            0
                        ],
                        [
                            115.91276,
                            39.572842,
                            0
                        ],
                        [
                            115.911777,
                            39.574182,
                            0
                        ],
                        [
                            115.915604,
                            39.582958,
                            0
                        ],
                        [
                            115.908744,
                            39.58402,
                            0
                        ],
                        [
                            115.909665,
                            39.588284,
                            0
                        ],
                        [
                            115.9068,
                            39.590016,
                            0
                        ],
                        [
                            115.910187,
                            39.600832,
                            0
                        ],
                        [
                            115.912488,
                            39.599149,
                            0
                        ],
                        [
                            115.923759,
                            39.597287,
                            0
                        ],
                        [
                            115.924178,
                            39.59384,
                            0
                        ],
                        [
                            115.930221,
                            39.593382,
                            0
                        ],
                        [
                            115.929991,
                            39.589935,
                            0
                        ],
                        [
                            115.934174,
                            39.588072,
                            0
                        ],
                        [
                            115.934969,
                            39.581814,
                            0
                        ],
                        [
                            115.938105,
                            39.581699,
                            0
                        ],
                        [
                            115.937938,
                            39.577467,
                            0
                        ],
                        [
                            115.943187,
                            39.577385,
                            0
                        ],
                        [
                            115.943083,
                            39.574672,
                            0
                        ],
                        [
                            115.949147,
                            39.573299,
                            0
                        ],
                        [
                            115.950423,
                            39.56637,
                            0
                        ],
                        [
                            115.954982,
                            39.566092,
                            0
                        ],
                        [
                            115.957554,
                            39.560927,
                            0
                        ],
                        [
                            115.963409,
                            39.565503,
                            0
                        ],
                        [
                            115.967592,
                            39.564604,
                            0
                        ],
                        [
                            115.968909,
                            39.570995,
                            0
                        ],
                        [
                            115.974576,
                            39.570832,
                            0
                        ],
                        [
                            115.978153,
                            39.572842,
                            0
                        ],
                        [
                            115.977086,
                            39.590931,
                            0
                        ],
                        [
                            115.978445,
                            39.595686,
                            0
                        ],
                        [
                            115.990993,
                            39.593791,
                            0
                        ],
                        [
                            115.990721,
                            39.586471,
                            0
                        ],
                        [
                            115.996953,
                            39.583203,
                            0
                        ],
                        [
                            115.995196,
                            39.577075,
                            0
                        ],
                        [
                            116.007618,
                            39.577205,
                            0
                        ],
                        [
                            116.010588,
                            39.583023,
                            0
                        ],
                        [
                            116.013703,
                            39.583039,
                            0
                        ],
                        [
                            116.014038,
                            39.588072,
                            0
                        ],
                        [
                            116.020667,
                            39.585981,
                            0
                        ],
                        [
                            116.02623,
                            39.587402,
                            0
                        ],
                        [
                            116.024766,
                            39.575604,
                            0
                        ],
                        [
                            116.032859,
                            39.574607,
                            0
                        ],
                        [
                            116.032964,
                            39.572302,
                            0
                        ],
                        [
                            116.039237,
                            39.571943,
                            0
                        ],
                        [
                            116.098817,
                            39.575146,
                            0
                        ],
                        [
                            116.102016,
                            39.576143,
                            0
                        ],
                        [
                            116.101368,
                            39.580049,
                            0
                        ],
                        [
                            116.105801,
                            39.576568,
                            0
                        ],
                        [
                            116.106282,
                            39.570979,
                            0
                        ],
                        [
                            116.11379,
                            39.570668,
                            0
                        ],
                        [
                            116.116634,
                            39.574002,
                            0
                        ],
                        [
                            116.121465,
                            39.574917,
                            0
                        ],
                        [
                            116.121528,
                            39.570554,
                            0
                        ],
                        [
                            116.130311,
                            39.569459,
                            0
                        ],
                        [
                            116.130373,
                            39.567743,
                            0
                        ],
                        [
                            116.138425,
                            39.568887,
                            0
                        ],
                        [
                            116.13878,
                            39.571044,
                            0
                        ],
                        [
                            116.149613,
                            39.573087,
                            0
                        ],
                        [
                            116.151788,
                            39.583415,
                            0
                        ],
                        [
                            116.165527,
                            39.583562,
                            0
                        ],
                        [
                            116.176924,
                            39.585899,
                            0
                        ],
                        [
                            116.177071,
                            39.590016,
                            0
                        ],
                        [
                            116.184432,
                            39.590915,
                            0
                        ],
                        [
                            116.190768,
                            39.589396,
                            0
                        ],
                        [
                            116.19058,
                            39.587386,
                            0
                        ],
                        [
                            116.196854,
                            39.588987,
                            0
                        ],
                        [
                            116.196394,
                            39.586095,
                            0
                        ],
                        [
                            116.201726,
                            39.586373,
                            0
                        ],
                        [
                            116.206243,
                            39.583219,
                            0
                        ],
                        [
                            116.208105,
                            39.577728,
                            0
                        ],
                        [
                            116.221175,
                            39.578921,
                            0
                        ],
                        [
                            116.225085,
                            39.584085,
                            0
                        ],
                        [
                            116.226089,
                            39.591993,
                            0
                        ],
                        [
                            116.222597,
                            39.593938,
                            0
                        ],
                        [
                            116.223141,
                            39.597222,
                            0
                        ],
                        [
                            116.21808,
                            39.608102,
                            0
                        ],
                        [
                            116.219502,
                            39.618931,
                            0
                        ],
                        [
                            116.218875,
                            39.628011,
                            0
                        ],
                        [
                            116.215487,
                            39.64305,
                            0
                        ],
                        [
                            116.216992,
                            39.651572,
                            0
                        ],
                        [
                            116.223162,
                            39.664728,
                            0
                        ],
                        [
                            116.221342,
                            39.667486,
                            0
                        ],
                        [
                            116.22565,
                            39.67359,
                            0
                        ],
                        [
                            116.221238,
                            39.678453,
                            0
                        ],
                        [
                            116.230941,
                            39.692355,
                            0
                        ],
                        [
                            116.23435,
                            39.703823,
                            0
                        ],
                        [
                            116.231945,
                            39.706025,
                            0
                        ],
                        [
                            116.236629,
                            39.71286,
                            0
                        ],
                        [
                            116.245036,
                            39.718421,
                            0
                        ],
                        [
                            116.245768,
                            39.72408,
                            0
                        ],
                        [
                            116.248466,
                            39.728027,
                            0
                        ],
                        [
                            116.248026,
                            39.732641,
                            0
                        ],
                        [
                            116.243948,
                            39.741658,
                            0
                        ],
                        [
                            116.251895,
                            39.749092,
                            0
                        ],
                        [
                            116.252481,
                            39.758676,
                            0
                        ],
                        [
                            116.254426,
                            39.76324,
                            0
                        ],
                        [
                            116.252481,
                            39.771747,
                            0
                        ],
                        [
                            116.253777,
                            39.77952,
                            0
                        ],
                        [
                            116.251602,
                            39.782518,
                            0
                        ],
                        [
                            116.251519,
                            39.793059,
                            0
                        ],
                        [
                            116.250933,
                            39.801432,
                            0
                        ],
                        [
                            116.25361,
                            39.807231,
                            0
                        ],
                        [
                            116.251644,
                            39.81329,
                            0
                        ],
                        [
                            116.244304,
                            39.818567,
                            0
                        ],
                        [
                            116.243007,
                            39.825145,
                            0
                        ],
                        [
                            116.23962,
                            39.826872,
                            0
                        ],
                        [
                            116.228306,
                            39.827197,
                            0
                        ],
                        [
                            116.227219,
                            39.825048,
                            0
                        ],
                        [
                            116.214127,
                            39.824706,
                            0
                        ],
                        [
                            116.214462,
                            39.818974,
                            0
                        ],
                        [
                            116.216762,
                            39.816905,
                            0
                        ],
                        [
                            116.207415,
                            39.810814,
                            0
                        ],
                        [
                            116.208063,
                            39.806352,
                            0
                        ],
                        [
                            116.201852,
                            39.799657,
                            0
                        ],
                        [
                            116.201852,
                            39.788269,
                            0
                        ],
                        [
                            116.200388,
                            39.778151,
                            0
                        ],
                        [
                            116.194449,
                            39.778493,
                            0
                        ],
                        [
                            116.194407,
                            39.780579,
                            0
                        ],
                        [
                            116.188008,
                            39.781785,
                            0
                        ],
                        [
                            116.183365,
                            39.780204,
                            0
                        ],
                        [
                            116.182989,
                            39.783707,
                            0
                        ],
                        [
                            116.16971,
                            39.784278,
                            0
                        ],
                        [
                            116.162704,
                            39.769205,
                            0
                        ],
                        [
                            116.15597,
                            39.766923,
                            0
                        ],
                        [
                            116.148902,
                            39.768651,
                            0
                        ],
                        [
                            116.148044,
                            39.766483,
                            0
                        ],
                        [
                            116.133803,
                            39.76663,
                            0
                        ],
                        [
                            116.12847,
                            39.762409,
                            0
                        ],
                        [
                            116.121465,
                            39.761626,
                            0
                        ],
                        [
                            116.117491,
                            39.77336,
                            0
                        ],
                        [
                            116.121486,
                            39.779047,
                            0
                        ],
                        [
                            116.124351,
                            39.77675,
                            0
                        ],
                        [
                            116.127467,
                            39.779047,
                            0
                        ],
                        [
                            116.132569,
                            39.778624,
                            0
                        ],
                        [
                            116.131503,
                            39.783121,
                            0
                        ],
                        [
                            116.125062,
                            39.785353,
                            0
                        ],
                        [
                            116.120754,
                            39.784848,
                            0
                        ],
                        [
                            116.119792,
                            39.789654,
                            0
                        ],
                        [
                            116.106366,
                            39.788612,
                            0
                        ],
                        [
                            116.107014,
                            39.78532,
                            0
                        ],
                        [
                            116.101368,
                            39.78576,
                            0
                        ],
                        [
                            116.094613,
                            39.781557,
                            0
                        ],
                        [
                            116.091581,
                            39.784082,
                            0
                        ],
                        [
                            116.091916,
                            39.787927,
                            0
                        ],
                        [
                            116.0856,
                            39.795324,
                            0
                        ],
                        [
                            116.087127,
                            39.803289,
                            0
                        ],
                        [
                            116.084826,
                            39.811596,
                            0
                        ],
                        [
                            116.086186,
                            39.816401,
                            0
                        ],
                        [
                            116.089594,
                            39.816352,
                            0
                        ],
                        [
                            116.088214,
                            39.82692,
                            0
                        ],
                        [
                            116.089741,
                            39.829721,
                            0
                        ],
                        [
                            116.085747,
                            39.832163,
                            0
                        ],
                        [
                            116.084366,
                            39.828581,
                            0
                        ],
                        [
                            116.078615,
                            39.831593,
                            0
                        ],
                        [
                            116.07619,
                            39.837015,
                            0
                        ],
                        [
                            116.068975,
                            39.840792,
                            0
                        ],
                        [
                            116.061488,
                            39.841899,
                            0
                        ],
                        [
                            116.05465,
                            39.845953,
                            0
                        ]
                    ]
                ]
            },
            "properties": {
                "name": "房山区",
                "_color": "#e3ea79",
                "center": [
                    115.86953690624996,
                    39.698107559895824,
                    0
                ]
            }
        },
        {
            "type": "Feature",
            "geometry": {
                "type": "Polygon",
                "coordinates": [
                    [
                        [
                            116.259089,
                            39.896658,
                            0
                        ],
                        [
                            116.252899,
                            39.896382,
                            0
                        ],
                        [
                            116.233534,
                            39.89212,
                            0
                        ],
                        [
                            116.234642,
                            39.88955,
                            0
                        ],
                        [
                            116.227783,
                            39.889078,
                            0
                        ],
                        [
                            116.22772,
                            39.883839,
                            0
                        ],
                        [
                            116.222952,
                            39.883986,
                            0
                        ],
                        [
                            116.219523,
                            39.881334,
                            0
                        ],
                        [
                            116.219105,
                            39.876713,
                            0
                        ],
                        [
                            116.210907,
                            39.878079,
                            0
                        ],
                        [
                            116.212099,
                            39.874679,
                            0
                        ],
                        [
                            116.208126,
                            39.874125,
                            0
                        ],
                        [
                            116.20457,
                            39.879885,
                            0
                        ],
                        [
                            116.199426,
                            39.883286,
                            0
                        ],
                        [
                            116.19035,
                            39.881529,
                            0
                        ],
                        [
                            116.179099,
                            39.882684,
                            0
                        ],
                        [
                            116.167033,
                            39.888752,
                            0
                        ],
                        [
                            116.163352,
                            39.886881,
                            0
                        ],
                        [
                            116.156137,
                            39.889029,
                            0
                        ],
                        [
                            116.150972,
                            39.884051,
                            0
                        ],
                        [
                            116.147605,
                            39.885287,
                            0
                        ],
                        [
                            116.13167,
                            39.881268,
                            0
                        ],
                        [
                            116.125898,
                            39.877949,
                            0
                        ],
                        [
                            116.119729,
                            39.877477,
                            0
                        ],
                        [
                            116.112242,
                            39.873247,
                            0
                        ],
                        [
                            116.105425,
                            39.872547,
                            0
                        ],
                        [
                            116.104149,
                            39.868837,
                            0
                        ],
                        [
                            116.095826,
                            39.869032,
                            0
                        ],
                        [
                            116.087169,
                            39.866152,
                            0
                        ],
                        [
                            116.078323,
                            39.870318,
                            0
                        ],
                        [
                            116.07046,
                            39.868446,
                            0
                        ],
                        [
                            116.067344,
                            39.865761,
                            0
                        ],
                        [
                            116.070188,
                            39.860423,
                            0
                        ],
                        [
                            116.070982,
                            39.853717,
                            0
                        ],
                        [
                            116.056553,
                            39.85095,
                            0
                        ],
                        [
                            116.05465,
                            39.845953,
                            0
                        ],
                        [
                            116.061488,
                            39.841899,
                            0
                        ],
                        [
                            116.068975,
                            39.840792,
                            0
                        ],
                        [
                            116.07619,
                            39.837015,
                            0
                        ],
                        [
                            116.078615,
                            39.831593,
                            0
                        ],
                        [
                            116.084366,
                            39.828581,
                            0
                        ],
                        [
                            116.085747,
                            39.832163,
                            0
                        ],
                        [
                            116.089741,
                            39.829721,
                            0
                        ],
                        [
                            116.088214,
                            39.82692,
                            0
                        ],
                        [
                            116.089594,
                            39.816352,
                            0
                        ],
                        [
                            116.086186,
                            39.816401,
                            0
                        ],
                        [
                            116.084826,
                            39.811596,
                            0
                        ],
                        [
                            116.087127,
                            39.803289,
                            0
                        ],
                        [
                            116.0856,
                            39.795324,
                            0
                        ],
                        [
                            116.091916,
                            39.787927,
                            0
                        ],
                        [
                            116.091581,
                            39.784082,
                            0
                        ],
                        [
                            116.094613,
                            39.781557,
                            0
                        ],
                        [
                            116.101368,
                            39.78576,
                            0
                        ],
                        [
                            116.107014,
                            39.78532,
                            0
                        ],
                        [
                            116.106366,
                            39.788612,
                            0
                        ],
                        [
                            116.119792,
                            39.789654,
                            0
                        ],
                        [
                            116.120754,
                            39.784848,
                            0
                        ],
                        [
                            116.125062,
                            39.785353,
                            0
                        ],
                        [
                            116.131503,
                            39.783121,
                            0
                        ],
                        [
                            116.132569,
                            39.778624,
                            0
                        ],
                        [
                            116.127467,
                            39.779047,
                            0
                        ],
                        [
                            116.124351,
                            39.77675,
                            0
                        ],
                        [
                            116.121486,
                            39.779047,
                            0
                        ],
                        [
                            116.117491,
                            39.77336,
                            0
                        ],
                        [
                            116.121465,
                            39.761626,
                            0
                        ],
                        [
                            116.12847,
                            39.762409,
                            0
                        ],
                        [
                            116.133803,
                            39.76663,
                            0
                        ],
                        [
                            116.148044,
                            39.766483,
                            0
                        ],
                        [
                            116.148902,
                            39.768651,
                            0
                        ],
                        [
                            116.15597,
                            39.766923,
                            0
                        ],
                        [
                            116.162704,
                            39.769205,
                            0
                        ],
                        [
                            116.16971,
                            39.784278,
                            0
                        ],
                        [
                            116.182989,
                            39.783707,
                            0
                        ],
                        [
                            116.183365,
                            39.780204,
                            0
                        ],
                        [
                            116.188008,
                            39.781785,
                            0
                        ],
                        [
                            116.194407,
                            39.780579,
                            0
                        ],
                        [
                            116.194449,
                            39.778493,
                            0
                        ],
                        [
                            116.200388,
                            39.778151,
                            0
                        ],
                        [
                            116.201852,
                            39.788269,
                            0
                        ],
                        [
                            116.201852,
                            39.799657,
                            0
                        ],
                        [
                            116.208063,
                            39.806352,
                            0
                        ],
                        [
                            116.207415,
                            39.810814,
                            0
                        ],
                        [
                            116.216762,
                            39.816905,
                            0
                        ],
                        [
                            116.214462,
                            39.818974,
                            0
                        ],
                        [
                            116.214127,
                            39.824706,
                            0
                        ],
                        [
                            116.227219,
                            39.825048,
                            0
                        ],
                        [
                            116.228306,
                            39.827197,
                            0
                        ],
                        [
                            116.23962,
                            39.826872,
                            0
                        ],
                        [
                            116.243007,
                            39.825145,
                            0
                        ],
                        [
                            116.244304,
                            39.818567,
                            0
                        ],
                        [
                            116.251644,
                            39.81329,
                            0
                        ],
                        [
                            116.25361,
                            39.807231,
                            0
                        ],
                        [
                            116.250933,
                            39.801432,
                            0
                        ],
                        [
                            116.251519,
                            39.793059,
                            0
                        ],
                        [
                            116.259298,
                            39.797621,
                            0
                        ],
                        [
                            116.262184,
                            39.792782,
                            0
                        ],
                        [
                            116.27423,
                            39.796936,
                            0
                        ],
                        [
                            116.287237,
                            39.799103,
                            0
                        ],
                        [
                            116.289182,
                            39.795894,
                            0
                        ],
                        [
                            116.296083,
                            39.795568,
                            0
                        ],
                        [
                            116.291148,
                            39.793271,
                            0
                        ],
                        [
                            116.295205,
                            39.790958,
                            0
                        ],
                        [
                            116.301541,
                            39.774941,
                            0
                        ],
                        [
                            116.307062,
                            39.770085,
                            0
                        ],
                        [
                            116.31068,
                            39.772057,
                            0
                        ],
                        [
                            116.317978,
                            39.783447,
                            0
                        ],
                        [
                            116.321784,
                            39.783626,
                            0
                        ],
                        [
                            116.322872,
                            39.798386,
                            0
                        ],
                        [
                            116.326824,
                            39.798386,
                            0
                        ],
                        [
                            116.328225,
                            39.801416,
                            0
                        ],
                        [
                            116.340124,
                            39.802149,
                            0
                        ],
                        [
                            116.341755,
                            39.807589,
                            0
                        ],
                        [
                            116.355704,
                            39.805668,
                            0
                        ],
                        [
                            116.356833,
                            39.800471,
                            0
                        ],
                        [
                            116.367039,
                            39.79982,
                            0
                        ],
                        [
                            116.368189,
                            39.794819,
                            0
                        ],
                        [
                            116.365742,
                            39.794151,
                            0
                        ],
                        [
                            116.367582,
                            39.784962,
                            0
                        ],
                        [
                            116.378478,
                            39.785646,
                            0
                        ],
                        [
                            116.379209,
                            39.77939,
                            0
                        ],
                        [
                            116.385609,
                            39.778852,
                            0
                        ],
                        [
                            116.390649,
                            39.780465,
                            0
                        ],
                        [
                            116.391903,
                            39.765277,
                            0
                        ],
                        [
                            116.398888,
                            39.765864,
                            0
                        ],
                        [
                            116.397905,
                            39.781068,
                            0
                        ],
                        [
                            116.396023,
                            39.786738,
                            0
                        ],
                        [
                            116.42024,
                            39.787439,
                            0
                        ],
                        [
                            116.421034,
                            39.794134,
                            0
                        ],
                        [
                            116.429274,
                            39.794102,
                            0
                        ],
                        [
                            116.429399,
                            39.803583,
                            0
                        ],
                        [
                            116.425719,
                            39.805358,
                            0
                        ],
                        [
                            116.422456,
                            39.81044,
                            0
                        ],
                        [
                            116.417772,
                            39.81013,
                            0
                        ],
                        [
                            116.415262,
                            39.812525,
                            0
                        ],
                        [
                            116.410013,
                            39.811336,
                            0
                        ],
                        [
                            116.41016,
                            39.817052,
                            0
                        ],
                        [
                            116.419759,
                            39.815375,
                            0
                        ],
                        [
                            116.418441,
                            39.822915,
                            0
                        ],
                        [
                            116.414426,
                            39.824282,
                            0
                        ],
                        [
                            116.415785,
                            39.829428,
                            0
                        ],
                        [
                            116.420072,
                            39.826611,
                            0
                        ],
                        [
                            116.425217,
                            39.831903,
                            0
                        ],
                        [
                            116.432055,
                            39.832929,
                            0
                        ],
                        [
                            116.436739,
                            39.841329,
                            0
                        ],
                        [
                            116.440587,
                            39.839653,
                            0
                        ],
                        [
                            116.442323,
                            39.843674,
                            0
                        ],
                        [
                            116.446694,
                            39.84426,
                            0
                        ],
                        [
                            116.445983,
                            39.848329,
                            0
                        ],
                        [
                            116.450479,
                            39.848704,
                            0
                        ],
                        [
                            116.451148,
                            39.852008,
                            0
                        ],
                        [
                            116.460308,
                            39.848622,
                            0
                        ],
                        [
                            116.467794,
                            39.856012,
                            0
                        ],
                        [
                            116.463319,
                            39.856224,
                            0
                        ],
                        [
                            116.456062,
                            39.86122,
                            0
                        ],
                        [
                            116.454222,
                            39.859381,
                            0
                        ],
                        [
                            116.448178,
                            39.863645,
                            0
                        ],
                        [
                            116.446359,
                            39.860862,
                            0
                        ],
                        [
                            116.442971,
                            39.866087,
                            0
                        ],
                        [
                            116.44364,
                            39.87284,
                            0
                        ],
                        [
                            116.442574,
                            39.87188,
                            0
                        ],
                        [
                            116.423209,
                            39.872824,
                            0
                        ],
                        [
                            116.413652,
                            39.871148,
                            0
                        ],
                        [
                            116.41589,
                            39.863645,
                            0
                        ],
                        [
                            116.41246,
                            39.858942,
                            0
                        ],
                        [
                            116.406856,
                            39.859967,
                            0
                        ],
                        [
                            116.3955,
                            39.858682,
                            0
                        ],
                        [
                            116.394956,
                            39.862734,
                            0
                        ],
                        [
                            116.387888,
                            39.867372,
                            0
                        ],
                        [
                            116.380632,
                            39.866054,
                            0
                        ],
                        [
                            116.38059,
                            39.871148,
                            0
                        ],
                        [
                            116.35058,
                            39.86869,
                            0
                        ],
                        [
                            116.349472,
                            39.873588,
                            0
                        ],
                        [
                            116.344286,
                            39.873653,
                            0
                        ],
                        [
                            116.341567,
                            39.876159,
                            0
                        ],
                        [
                            116.335273,
                            39.875183,
                            0
                        ],
                        [
                            116.326636,
                            39.876859,
                            0
                        ],
                        [
                            116.321324,
                            39.875199,
                            0
                        ],
                        [
                            116.320759,
                            39.881512,
                            0
                        ],
                        [
                            116.32582,
                            39.891111,
                            0
                        ],
                        [
                            116.325799,
                            39.896789,
                            0
                        ],
                        [
                            116.314026,
                            39.896772,
                            0
                        ],
                        [
                            116.302796,
                            39.891925,
                            0
                        ],
                        [
                            116.295016,
                            39.886833,
                            0
                        ],
                        [
                            116.294975,
                            39.896496,
                            0
                        ],
                        [
                            116.266199,
                            39.896252,
                            0
                        ],
                        [
                            116.259089,
                            39.896658,
                            0
                        ]
                    ]
                ]
            },
            "properties": {
                "name": "丰台区",
                "_color": "#16ba29",
                "center": [
                    116.26362536216223,
                    39.82918145405407,
                    0
                ]
            }
        },
        {
            "type": "Feature",
            "geometry": {
                "type": "Polygon",
                "coordinates": [
                    [
                        [
                            116.325799,
                            39.896789,
                            0
                        ],
                        [
                            116.337301,
                            39.89739,
                            0
                        ],
                        [
                            116.335356,
                            39.898448,
                            0
                        ],
                        [
                            116.334645,
                            39.922664,
                            0
                        ],
                        [
                            116.333056,
                            39.938565,
                            0
                        ],
                        [
                            116.327953,
                            39.942369,
                            0
                        ],
                        [
                            116.332889,
                            39.944092,
                            0
                        ],
                        [
                            116.341442,
                            39.941979,
                            0
                        ],
                        [
                            116.352421,
                            39.943832,
                            0
                        ],
                        [
                            116.352023,
                            39.950854,
                            0
                        ],
                        [
                            116.356206,
                            39.944092,
                            0
                        ],
                        [
                            116.371974,
                            39.948594,
                            0
                        ],
                        [
                            116.370384,
                            39.967902,
                            0
                        ],
                        [
                            116.380401,
                            39.968178,
                            0
                        ],
                        [
                            116.380903,
                            39.972712,
                            0
                        ],
                        [
                            116.381196,
                            39.977976,
                            0
                        ],
                        [
                            116.376554,
                            39.992971,
                            0
                        ],
                        [
                            116.350873,
                            40.0267,
                            0
                        ],
                        [
                            116.378708,
                            40.031181,
                            0
                        ],
                        [
                            116.395103,
                            40.032854,
                            0
                        ],
                        [
                            116.390251,
                            40.036587,
                            0
                        ],
                        [
                            116.390649,
                            40.041279,
                            0
                        ],
                        [
                            116.38519,
                            40.042853,
                            0
                        ],
                        [
                            116.376888,
                            40.042756,
                            0
                        ],
                        [
                            116.376114,
                            40.045466,
                            0
                        ],
                        [
                            116.36959,
                            40.04696,
                            0
                        ],
                        [
                            116.367394,
                            40.053436,
                            0
                        ],
                        [
                            116.372999,
                            40.054344,
                            0
                        ],
                        [
                            116.372267,
                            40.05785,
                            0
                        ],
                        [
                            116.379272,
                            40.059002,
                            0
                        ],
                        [
                            116.382848,
                            40.061582,
                            0
                        ],
                        [
                            116.381928,
                            40.066402,
                            0
                        ],
                        [
                            116.373354,
                            40.065623,
                            0
                        ],
                        [
                            116.372538,
                            40.06843,
                            0
                        ],
                        [
                            116.363149,
                            40.068965,
                            0
                        ],
                        [
                            116.363023,
                            40.065931,
                            0
                        ],
                        [
                            116.357293,
                            40.066012,
                            0
                        ],
                        [
                            116.34667,
                            40.063659,
                            0
                        ],
                        [
                            116.346963,
                            40.06043,
                            0
                        ],
                        [
                            116.342676,
                            40.059635,
                            0
                        ],
                        [
                            116.343366,
                            40.055448,
                            0
                        ],
                        [
                            116.340271,
                            40.055091,
                            0
                        ],
                        [
                            116.338828,
                            40.058921,
                            0
                        ],
                        [
                            116.330756,
                            40.063383,
                            0
                        ],
                        [
                            116.331801,
                            40.057168,
                            0
                        ],
                        [
                            116.325946,
                            40.054799,
                            0
                        ],
                        [
                            116.318292,
                            40.061663,
                            0
                        ],
                        [
                            116.309446,
                            40.060609,
                            0
                        ],
                        [
                            116.305995,
                            40.063043,
                            0
                        ],
                        [
                            116.302942,
                            40.060803,
                            0
                        ],
                        [
                            116.290353,
                            40.083145,
                            0
                        ],
                        [
                            116.279897,
                            40.079754,
                            0
                        ],
                        [
                            116.2731,
                            40.092699,
                            0
                        ],
                        [
                            116.27333,
                            40.09557,
                            0
                        ],
                        [
                            116.265237,
                            40.094694,
                            0
                        ],
                        [
                            116.258273,
                            40.101522,
                            0
                        ],
                        [
                            116.263899,
                            40.10402,
                            0
                        ],
                        [
                            116.263334,
                            40.110588,
                            0
                        ],
                        [
                            116.258022,
                            40.11195,
                            0
                        ],
                        [
                            116.25957,
                            40.106907,
                            0
                        ],
                        [
                            116.255868,
                            40.104474,
                            0
                        ],
                        [
                            116.252732,
                            40.106517,
                            0
                        ],
                        [
                            116.245956,
                            40.10535,
                            0
                        ],
                        [
                            116.240498,
                            40.108009,
                            0
                        ],
                        [
                            116.243363,
                            40.113279,
                            0
                        ],
                        [
                            116.241836,
                            40.118403,
                            0
                        ],
                        [
                            116.245036,
                            40.118825,
                            0
                        ],
                        [
                            116.247043,
                            40.136204,
                            0
                        ],
                        [
                            116.233785,
                            40.136577,
                            0
                        ],
                        [
                            116.215445,
                            40.143174,
                            0
                        ],
                        [
                            116.212224,
                            40.140548,
                            0
                        ],
                        [
                            116.206285,
                            40.143092,
                            0
                        ],
                        [
                            116.205658,
                            40.150175,
                            0
                        ],
                        [
                            116.203211,
                            40.153773,
                            0
                        ],
                        [
                            116.202166,
                            40.160984,
                            0
                        ],
                        [
                            116.194282,
                            40.160076,
                            0
                        ],
                        [
                            116.192065,
                            40.155669,
                            0
                        ],
                        [
                            116.182696,
                            40.158099,
                            0
                        ],
                        [
                            116.183094,
                            40.153335,
                            0
                        ],
                        [
                            116.180417,
                            40.14729,
                            0
                        ],
                        [
                            116.174122,
                            40.143595,
                            0
                        ],
                        [
                            116.167681,
                            40.141844,
                            0
                        ],
                        [
                            116.168622,
                            40.135442,
                            0
                        ],
                        [
                            116.17178,
                            40.127936,
                            0
                        ],
                        [
                            116.167409,
                            40.128455,
                            0
                        ],
                        [
                            116.169563,
                            40.124564,
                            0
                        ],
                        [
                            116.152708,
                            40.121776,
                            0
                        ],
                        [
                            116.132925,
                            40.121354,
                            0
                        ],
                        [
                            116.132214,
                            40.115079,
                            0
                        ],
                        [
                            116.127676,
                            40.116393,
                            0
                        ],
                        [
                            116.113309,
                            40.115598,
                            0
                        ],
                        [
                            116.105864,
                            40.118014,
                            0
                        ],
                        [
                            116.102246,
                            40.115987,
                            0
                        ],
                        [
                            116.096056,
                            40.121257,
                            0
                        ],
                        [
                            116.089783,
                            40.119327,
                            0
                        ],
                        [
                            116.08445,
                            40.120252,
                            0
                        ],
                        [
                            116.077883,
                            40.115047,
                            0
                        ],
                        [
                            116.073847,
                            40.115436,
                            0
                        ],
                        [
                            116.072676,
                            40.109258,
                            0
                        ],
                        [
                            116.069456,
                            40.104912,
                            0
                        ],
                        [
                            116.062931,
                            40.10282,
                            0
                        ],
                        [
                            116.061969,
                            40.09956,
                            0
                        ],
                        [
                            116.055905,
                            40.09643,
                            0
                        ],
                        [
                            116.051848,
                            40.091661,
                            0
                        ],
                        [
                            116.048878,
                            40.085303,
                            0
                        ],
                        [
                            116.051325,
                            40.084345,
                            0
                        ],
                        [
                            116.054587,
                            40.07823,
                            0
                        ],
                        [
                            116.064019,
                            40.073022,
                            0
                        ],
                        [
                            116.064981,
                            40.067456,
                            0
                        ],
                        [
                            116.071129,
                            40.062037,
                            0
                        ],
                        [
                            116.068055,
                            40.051926,
                            0
                        ],
                        [
                            116.075123,
                            40.039915,
                            0
                        ],
                        [
                            116.078176,
                            40.032756,
                            0
                        ],
                        [
                            116.084241,
                            40.030905,
                            0
                        ],
                        [
                            116.095073,
                            40.031782,
                            0
                        ],
                        [
                            116.098398,
                            40.033811,
                            0
                        ],
                        [
                            116.105488,
                            40.032204,
                            0
                        ],
                        [
                            116.114522,
                            40.033,
                            0
                        ],
                        [
                            116.123598,
                            40.029655,
                            0
                        ],
                        [
                            116.129558,
                            40.0311,
                            0
                        ],
                        [
                            116.140098,
                            40.02873,
                            0
                        ],
                        [
                            116.149278,
                            40.022154,
                            0
                        ],
                        [
                            116.157309,
                            40.021034,
                            0
                        ],
                        [
                            116.163938,
                            40.016796,
                            0
                        ],
                        [
                            116.164774,
                            40.014328,
                            0
                        ],
                        [
                            116.175335,
                            40.006403,
                            0
                        ],
                        [
                            116.172115,
                            40.000637,
                            0
                        ],
                        [
                            116.161658,
                            39.999987,
                            0
                        ],
                        [
                            116.154527,
                            39.997275,
                            0
                        ],
                        [
                            116.151579,
                            39.993442,
                            0
                        ],
                        [
                            116.156117,
                            39.989137,
                            0
                        ],
                        [
                            116.158124,
                            39.984133,
                            0
                        ],
                        [
                            116.166845,
                            39.987561,
                            0
                        ],
                        [
                            116.169229,
                            39.979357,
                            0
                        ],
                        [
                            116.171487,
                            39.977001,
                            0
                        ],
                        [
                            116.178012,
                            39.982216,
                            0
                        ],
                        [
                            116.178911,
                            39.988292,
                            0
                        ],
                        [
                            116.186586,
                            39.983906,
                            0
                        ],
                        [
                            116.18531,
                            39.977976,
                            0
                        ],
                        [
                            116.185812,
                            39.970274,
                            0
                        ],
                        [
                            116.190685,
                            39.968259,
                            0
                        ],
                        [
                            116.190747,
                            39.965367,
                            0
                        ],
                        [
                            116.20112,
                            39.961109,
                            0
                        ],
                        [
                            116.212831,
                            39.948952,
                            0
                        ],
                        [
                            116.215466,
                            39.94375,
                            0
                        ],
                        [
                            116.216281,
                            39.936386,
                            0
                        ],
                        [
                            116.213186,
                            39.933232,
                            0
                        ],
                        [
                            116.216198,
                            39.931233,
                            0
                        ],
                        [
                            116.213061,
                            39.928891,
                            0
                        ],
                        [
                            116.215696,
                            39.927103,
                            0
                        ],
                        [
                            116.207707,
                            39.9259,
                            0
                        ],
                        [
                            116.206787,
                            39.916663,
                            0
                        ],
                        [
                            116.230899,
                            39.919525,
                            0
                        ],
                        [
                            116.232426,
                            39.91694,
                            0
                        ],
                        [
                            116.237696,
                            39.918452,
                            0
                        ],
                        [
                            116.250975,
                            39.919834,
                            0
                        ],
                        [
                            116.252983,
                            39.915558,
                            0
                        ],
                        [
                            116.252983,
                            39.896951,
                            0
                        ],
                        [
                            116.259089,
                            39.896658,
                            0
                        ],
                        [
                            116.266199,
                            39.896252,
                            0
                        ],
                        [
                            116.294975,
                            39.896496,
                            0
                        ],
                        [
                            116.295016,
                            39.886833,
                            0
                        ],
                        [
                            116.302796,
                            39.891925,
                            0
                        ],
                        [
                            116.314026,
                            39.896772,
                            0
                        ],
                        [
                            116.325799,
                            39.896789,
                            0
                        ]
                    ]
                ]
            },
            "properties": {
                "name": "海淀区",
                "_color": "#086163",
                "center": [
                    116.23091162804877,
                    40.03800059756098,
                    0
                ]
            }
        },
        {
            "type": "Feature",
            "geometry": {
                "type": "Polygon",
                "coordinates": [
                    [
                        [
                            116.289872,
                            40.391672,
                            0
                        ],
                        [
                            116.293762,
                            40.392415,
                            0
                        ],
                        [
                            116.295581,
                            40.384437,
                            0
                        ],
                        [
                            116.302691,
                            40.387473,
                            0
                        ],
                        [
                            116.313106,
                            40.389459,
                            0
                        ],
                        [
                            116.32078,
                            40.386859,
                            0
                        ],
                        [
                            116.32398,
                            40.387295,
                            0
                        ],
                        [
                            116.337364,
                            40.379769,
                            0
                        ],
                        [
                            116.34506,
                            40.373163,
                            0
                        ],
                        [
                            116.355369,
                            40.37137,
                            0
                        ],
                        [
                            116.360033,
                            40.366815,
                            0
                        ],
                        [
                            116.357356,
                            40.364084,
                            0
                        ],
                        [
                            116.352797,
                            40.364391,
                            0
                        ],
                        [
                            116.348866,
                            40.356427,
                            0
                        ],
                        [
                            116.355641,
                            40.356814,
                            0
                        ],
                        [
                            116.363923,
                            40.359028,
                            0
                        ],
                        [
                            116.369673,
                            40.356362,
                            0
                        ],
                        [
                            116.367101,
                            40.350351,
                            0
                        ],
                        [
                            116.364508,
                            40.349107,
                            0
                        ],
                        [
                            116.369903,
                            40.342401,
                            0
                        ],
                        [
                            116.368231,
                            40.334805,
                            0
                        ],
                        [
                            116.365909,
                            40.331702,
                            0
                        ],
                        [
                            116.376135,
                            40.334352,
                            0
                        ],
                        [
                            116.375069,
                            40.337375,
                            0
                        ],
                        [
                            116.384563,
                            40.339055,
                            0
                        ],
                        [
                            116.391422,
                            40.338393,
                            0
                        ],
                        [
                            116.396358,
                            40.334853,
                            0
                        ],
                        [
                            116.408633,
                            40.334886,
                            0
                        ],
                        [
                            116.408989,
                            40.333205,
                            0
                        ],
                        [
                            116.417061,
                            40.329843,
                            0
                        ],
                        [
                            116.424359,
                            40.331265,
                            0
                        ],
                        [
                            116.427914,
                            40.329213,
                            0
                        ],
                        [
                            116.43423,
                            40.329116,
                            0
                        ],
                        [
                            116.438245,
                            40.333221,
                            0
                        ],
                        [
                            116.443745,
                            40.322682,
                            0
                        ],
                        [
                            116.449182,
                            40.32113,
                            0
                        ],
                        [
                            116.455184,
                            40.316345,
                            0
                        ],
                        [
                            116.44822,
                            40.305982,
                            0
                        ],
                        [
                            116.443766,
                            40.302457,
                            0
                        ],
                        [
                            116.448011,
                            40.300484,
                            0
                        ],
                        [
                            116.45096,
                            40.293045,
                            0
                        ],
                        [
                            116.449412,
                            40.286722,
                            0
                        ],
                        [
                            116.45533,
                            40.284845,
                            0
                        ],
                        [
                            116.460308,
                            40.28711,
                            0
                        ],
                        [
                            116.469634,
                            40.283001,
                            0
                        ],
                        [
                            116.472081,
                            40.280122,
                            0
                        ],
                        [
                            116.478794,
                            40.280025,
                            0
                        ],
                        [
                            116.484001,
                            40.2759,
                            0
                        ],
                        [
                            116.484273,
                            40.267634,
                            0
                        ],
                        [
                            116.493245,
                            40.262489,
                            0
                        ],
                        [
                            116.501839,
                            40.262974,
                            0
                        ],
                        [
                            116.505959,
                            40.261356,
                            0
                        ],
                        [
                            116.509201,
                            40.258056,
                            0
                        ],
                        [
                            116.523965,
                            40.257522,
                            0
                        ],
                        [
                            116.526181,
                            40.261324,
                            0
                        ],
                        [
                            116.535717,
                            40.261373,
                            0
                        ],
                        [
                            116.540088,
                            40.267165,
                            0
                        ],
                        [
                            116.53693,
                            40.277178,
                            0
                        ],
                        [
                            116.540904,
                            40.274946,
                            0
                        ],
                        [
                            116.546236,
                            40.276224,
                            0
                        ],
                        [
                            116.552176,
                            40.27383,
                            0
                        ],
                        [
                            116.566187,
                            40.27802,
                            0
                        ],
                        [
                            116.565371,
                            40.273377,
                            0
                        ],
                        [
                            116.570516,
                            40.273102,
                            0
                        ],
                        [
                            116.570202,
                            40.268863,
                            0
                        ],
                        [
                            116.58254,
                            40.268362,
                            0
                        ],
                        [
                            116.585238,
                            40.266226,
                            0
                        ],
                        [
                            116.588396,
                            40.269462,
                            0
                        ],
                        [
                            116.590842,
                            40.264139,
                            0
                        ],
                        [
                            116.599647,
                            40.265385,
                            0
                        ],
                        [
                            116.600755,
                            40.258978,
                            0
                        ],
                        [
                            116.604624,
                            40.256146,
                            0
                        ],
                        [
                            116.603787,
                            40.251324,
                            0
                        ],
                        [
                            116.61324,
                            40.251761,
                            0
                        ],
                        [
                            116.622044,
                            40.250467,
                            0
                        ],
                        [
                            116.6238,
                            40.252667,
                            0
                        ],
                        [
                            116.623654,
                            40.26058,
                            0
                        ],
                        [
                            116.63526,
                            40.261454,
                            0
                        ],
                        [
                            116.637038,
                            40.25846,
                            0
                        ],
                        [
                            116.641492,
                            40.259463,
                            0
                        ],
                        [
                            116.643081,
                            40.25715,
                            0
                        ],
                        [
                            116.648519,
                            40.260143,
                            0
                        ],
                        [
                            116.666901,
                            40.262085,
                            0
                        ],
                        [
                            116.669494,
                            40.253153,
                            0
                        ],
                        [
                            116.673321,
                            40.246777,
                            0
                        ],
                        [
                            116.668783,
                            40.238539,
                            0
                        ],
                        [
                            116.670247,
                            40.234865,
                            0
                        ],
                        [
                            116.676311,
                            40.238604,
                            0
                        ],
                        [
                            116.678131,
                            40.234379,
                            0
                        ],
                        [
                            116.684007,
                            40.234282,
                            0
                        ],
                        [
                            116.69072,
                            40.240886,
                            0
                        ],
                        [
                            116.697265,
                            40.243216,
                            0
                        ],
                        [
                            116.696554,
                            40.248072,
                            0
                        ],
                        [
                            116.704585,
                            40.251551,
                            0
                        ],
                        [
                            116.704668,
                            40.257101,
                            0
                        ],
                        [
                            116.710837,
                            40.256227,
                            0
                        ],
                        [
                            116.738421,
                            40.284392,
                            0
                        ],
                        [
                            116.738965,
                            40.284101,
                            0
                        ],
                        [
                            116.754461,
                            40.303686,
                            0
                        ],
                        [
                            116.756845,
                            40.302586,
                            0
                        ],
                        [
                            116.762888,
                            40.310428,
                            0
                        ],
                        [
                            116.773324,
                            40.315973,
                            0
                        ],
                        [
                            116.768639,
                            40.317816,
                            0
                        ],
                        [
                            116.762846,
                            40.326707,
                            0
                        ],
                        [
                            116.759689,
                            40.326853,
                            0
                        ],
                        [
                            116.758559,
                            40.333884,
                            0
                        ],
                        [
                            116.751491,
                            40.335742,
                            0
                        ],
                        [
                            116.744653,
                            40.333706,
                            0
                        ],
                        [
                            116.744046,
                            40.339136,
                            0
                        ],
                        [
                            116.73129,
                            40.335031,
                            0
                        ],
                        [
                            116.731185,
                            40.339023,
                            0
                        ],
                        [
                            116.722967,
                            40.339152,
                            0
                        ],
                        [
                            116.723887,
                            40.344033,
                            0
                        ],
                        [
                            116.727484,
                            40.346522,
                            0
                        ],
                        [
                            116.729031,
                            40.355619,
                            0
                        ],
                        [
                            116.725769,
                            40.355619,
                            0
                        ],
                        [
                            116.726773,
                            40.361193,
                            0
                        ],
                        [
                            116.718094,
                            40.361338,
                            0
                        ],
                        [
                            116.719872,
                            40.369044,
                            0
                        ],
                        [
                            116.714079,
                            40.368608,
                            0
                        ],
                        [
                            116.706509,
                            40.373809,
                            0
                        ],
                        [
                            116.707115,
                            40.377007,
                            0
                        ],
                        [
                            116.716254,
                            40.384114,
                            0
                        ],
                        [
                            116.711716,
                            40.386908,
                            0
                        ],
                        [
                            116.713849,
                            40.395806,
                            0
                        ],
                        [
                            116.713242,
                            40.40157,
                            0
                        ],
                        [
                            116.718512,
                            40.402055,
                            0
                        ],
                        [
                            116.723427,
                            40.405316,
                            0
                        ],
                        [
                            116.724389,
                            40.409191,
                            0
                        ],
                        [
                            116.728801,
                            40.40982,
                            0
                        ],
                        [
                            116.741139,
                            40.414631,
                            0
                        ],
                        [
                            116.733235,
                            40.418312,
                            0
                        ],
                        [
                            116.73244,
                            40.420604,
                            0
                        ],
                        [
                            116.72556,
                            40.418053,
                            0
                        ],
                        [
                            116.722339,
                            40.423832,
                            0
                        ],
                        [
                            116.723552,
                            40.435065,
                            0
                        ],
                        [
                            116.716421,
                            40.441714,
                            0
                        ],
                        [
                            116.72098,
                            40.440988,
                            0
                        ],
                        [
                            116.725811,
                            40.443085,
                            0
                        ],
                        [
                            116.719265,
                            40.448636,
                            0
                        ],
                        [
                            116.7196,
                            40.455735,
                            0
                        ],
                        [
                            116.723594,
                            40.458542,
                            0
                        ],
                        [
                            116.719223,
                            40.460397,
                            0
                        ],
                        [
                            116.716902,
                            40.457074,
                            0
                        ],
                        [
                            116.706174,
                            40.459929,
                            0
                        ],
                        [
                            116.698667,
                            40.468043,
                            0
                        ],
                        [
                            116.695571,
                            40.466721,
                            0
                        ],
                        [
                            116.693397,
                            40.476108,
                            0
                        ],
                        [
                            116.69348,
                            40.481704,
                            0
                        ],
                        [
                            116.704334,
                            40.479043,
                            0
                        ],
                        [
                            116.694149,
                            40.485462,
                            0
                        ],
                        [
                            116.693376,
                            40.490783,
                            0
                        ],
                        [
                            116.698353,
                            40.493266,
                            0
                        ],
                        [
                            116.699106,
                            40.50444,
                            0
                        ],
                        [
                            116.701071,
                            40.510549,
                            0
                        ],
                        [
                            116.711402,
                            40.516465,
                            0
                        ],
                        [
                            116.712239,
                            40.522058,
                            0
                        ],
                        [
                            116.717216,
                            40.524798,
                            0
                        ],
                        [
                            116.712573,
                            40.529955,
                            0
                        ],
                        [
                            116.706948,
                            40.532582,
                            0
                        ],
                        [
                            116.701469,
                            40.539913,
                            0
                        ],
                        [
                            116.702138,
                            40.545456,
                            0
                        ],
                        [
                            116.690699,
                            40.549468,
                            0
                        ],
                        [
                            116.68225,
                            40.548904,
                            0
                        ],
                        [
                            116.67698,
                            40.554462,
                            0
                        ],
                        [
                            116.665771,
                            40.552432,
                            0
                        ],
                        [
                            116.66872,
                            40.557507,
                            0
                        ],
                        [
                            116.682397,
                            40.556766,
                            0
                        ],
                        [
                            116.679636,
                            40.562001,
                            0
                        ],
                        [
                            116.686349,
                            40.564497,
                            0
                        ],
                        [
                            116.699336,
                            40.563563,
                            0
                        ],
                        [
                            116.709855,
                            40.565512,
                            0
                        ],
                        [
                            116.710503,
                            40.568685,
                            0
                        ],
                        [
                            116.71456,
                            40.570682,
                            0
                        ],
                        [
                            116.714351,
                            40.58028,
                            0
                        ],
                        [
                            116.708955,
                            40.590054,
                            0
                        ],
                        [
                            116.711611,
                            40.59189,
                            0
                        ],
                        [
                            116.708495,
                            40.595206,
                            0
                        ],
                        [
                            116.711235,
                            40.600213,
                            0
                        ],
                        [
                            116.705609,
                            40.60303,
                            0
                        ],
                        [
                            116.707993,
                            40.606507,
                            0
                        ],
                        [
                            116.70655,
                            40.610998,
                            0
                        ],
                        [
                            116.702598,
                            40.612785,
                            0
                        ],
                        [
                            116.697955,
                            40.618402,
                            0
                        ],
                        [
                            116.701322,
                            40.621379,
                            0
                        ],
                        [
                            116.704689,
                            40.620076,
                            0
                        ],
                        [
                            116.705128,
                            40.626947,
                            0
                        ],
                        [
                            116.70195,
                            40.628444,
                            0
                        ],
                        [
                            116.70149,
                            40.632917,
                            0
                        ],
                        [
                            116.712197,
                            40.641268,
                            0
                        ],
                        [
                            116.711151,
                            40.648218,
                            0
                        ],
                        [
                            116.712636,
                            40.653896,
                            0
                        ],
                        [
                            116.709855,
                            40.662598,
                            0
                        ],
                        [
                            116.714309,
                            40.666104,
                            0
                        ],
                        [
                            116.713221,
                            40.669867,
                            0
                        ],
                        [
                            116.714915,
                            40.680014,
                            0
                        ],
                        [
                            116.725413,
                            40.68466,
                            0
                        ],
                        [
                            116.725581,
                            40.689114,
                            0
                        ],
                        [
                            116.735807,
                            40.69167,
                            0
                        ],
                        [
                            116.74252,
                            40.69593,
                            0
                        ],
                        [
                            116.747518,
                            40.697072,
                            0
                        ],
                        [
                            116.748668,
                            40.700544,
                            0
                        ],
                        [
                            116.754963,
                            40.702891,
                            0
                        ],
                        [
                            116.756155,
                            40.705687,
                            0
                        ],
                        [
                            116.762867,
                            40.706427,
                            0
                        ],
                        [
                            116.769246,
                            40.70281,
                            0
                        ],
                        [
                            116.783989,
                            40.700496,
                            0
                        ],
                        [
                            116.787105,
                            40.704482,
                            0
                        ],
                        [
                            116.786687,
                            40.7103,
                            0
                        ],
                        [
                            116.789091,
                            40.712454,
                            0
                        ],
                        [
                            116.790472,
                            40.728973,
                            0
                        ],
                        [
                            116.786352,
                            40.736026,
                            0
                        ],
                        [
                            116.782818,
                            40.747817,
                            0
                        ],
                        [
                            116.780727,
                            40.751512,
                            0
                        ],
                        [
                            116.783759,
                            40.757631,
                            0
                        ],
                        [
                            116.793629,
                            40.748267,
                            0
                        ],
                        [
                            116.802977,
                            40.745986,
                            0
                        ],
                        [
                            116.810527,
                            40.749118,
                            0
                        ],
                        [
                            116.818662,
                            40.75042,
                            0
                        ],
                        [
                            116.826211,
                            40.749343,
                            0
                        ],
                        [
                            116.831795,
                            40.751303,
                            0
                        ],
                        [
                            116.840076,
                            40.760682,
                            0
                        ],
                        [
                            116.834785,
                            40.770221,
                            0
                        ],
                        [
                            116.850448,
                            40.775006,
                            0
                        ],
                        [
                            116.851264,
                            40.778924,
                            0
                        ],
                        [
                            116.856806,
                            40.77955,
                            0
                        ],
                        [
                            116.858039,
                            40.78305,
                            0
                        ],
                        [
                            116.867471,
                            40.784559,
                            0
                        ],
                        [
                            116.862577,
                            40.792858,
                            0
                        ],
                        [
                            116.871277,
                            40.794785,
                            0
                        ],
                        [
                            116.873326,
                            40.798781,
                            0
                        ],
                        [
                            116.878575,
                            40.797545,
                            0
                        ],
                        [
                            116.886961,
                            40.801076,
                            0
                        ],
                        [
                            116.880207,
                            40.804367,
                            0
                        ],
                        [
                            116.882172,
                            40.814172,
                            0
                        ],
                        [
                            116.876735,
                            40.818456,
                            0
                        ],
                        [
                            116.876171,
                            40.8212,
                            0
                        ],
                        [
                            116.870378,
                            40.821601,
                            0
                        ],
                        [
                            116.861448,
                            40.825356,
                            0
                        ],
                        [
                            116.860633,
                            40.830457,
                            0
                        ],
                        [
                            116.855425,
                            40.835447,
                            0
                        ],
                        [
                            116.848587,
                            40.837147,
                            0
                        ],
                        [
                            116.84819,
                            40.839313,
                            0
                        ],
                        [
                            116.839741,
                            40.839024,
                            0
                        ],
                        [
                            116.837775,
                            40.841542,
                            0
                        ],
                        [
                            116.831815,
                            40.842585,
                            0
                        ],
                        [
                            116.828009,
                            40.841109,
                            0
                        ],
                        [
                            116.823471,
                            40.842681,
                            0
                        ],
                        [
                            116.820732,
                            40.848263,
                            0
                        ],
                        [
                            116.813622,
                            40.848423,
                            0
                        ],
                        [
                            116.805947,
                            40.840836,
                            0
                        ],
                        [
                            116.802496,
                            40.842392,
                            0
                        ],
                        [
                            116.802413,
                            40.851198,
                            0
                        ],
                        [
                            116.796996,
                            40.854886,
                            0
                        ],
                        [
                            116.797226,
                            40.860034,
                            0
                        ],
                        [
                            116.776795,
                            40.878376,
                            0
                        ],
                        [
                            116.772362,
                            40.87852,
                            0
                        ],
                        [
                            116.769392,
                            40.882961,
                            0
                        ],
                        [
                            116.762135,
                            40.880765,
                            0
                        ],
                        [
                            116.758539,
                            40.881983,
                            0
                        ],
                        [
                            116.759501,
                            40.889854,
                            0
                        ],
                        [
                            116.750257,
                            40.891665,
                            0
                        ],
                        [
                            116.739759,
                            40.896665,
                            0
                        ],
                        [
                            116.730432,
                            40.897771,
                            0
                        ],
                        [
                            116.726145,
                            40.901185,
                            0
                        ],
                        [
                            116.723678,
                            40.906313,
                            0
                        ],
                        [
                            116.716881,
                            40.910175,
                            0
                        ],
                        [
                            116.713347,
                            40.910431,
                            0
                        ],
                        [
                            116.717111,
                            40.921695,
                            0
                        ],
                        [
                            116.722318,
                            40.92743,
                            0
                        ],
                        [
                            116.713891,
                            40.929416,
                            0
                        ],
                        [
                            116.712197,
                            40.934846,
                            0
                        ],
                        [
                            116.70722,
                            40.934029,
                            0
                        ],
                        [
                            116.702786,
                            40.936512,
                            0
                        ],
                        [
                            116.702368,
                            40.940628,
                            0
                        ],
                        [
                            116.696178,
                            40.94452,
                            0
                        ],
                        [
                            116.689298,
                            40.951118,
                            0
                        ],
                        [
                            116.687248,
                            40.962551,
                            0
                        ],
                        [
                            116.677921,
                            40.970972,
                            0
                        ],
                        [
                            116.677921,
                            40.975983,
                            0
                        ],
                        [
                            116.681267,
                            40.980737,
                            0
                        ],
                        [
                            116.685304,
                            40.982641,
                            0
                        ],
                        [
                            116.682543,
                            40.986259,
                            0
                        ],
                        [
                            116.683066,
                            41.000486,
                            0
                        ],
                        [
                            116.69095,
                            41.007254,
                            0
                        ],
                        [
                            116.690866,
                            41.012982,
                            0
                        ],
                        [
                            116.693836,
                            41.013686,
                            0
                        ],
                        [
                            116.698855,
                            41.021253,
                            0
                        ],
                        [
                            116.695739,
                            41.025396,
                            0
                        ],
                        [
                            116.69509,
                            41.033265,
                            0
                        ],
                        [
                            116.691347,
                            41.037503,
                            0
                        ],
                        [
                            116.692246,
                            41.040813,
                            0
                        ],
                        [
                            116.688629,
                            41.044651,
                            0
                        ],
                        [
                            116.682878,
                            41.041789,
                            0
                        ],
                        [
                            116.67698,
                            41.042732,
                            0
                        ],
                        [
                            116.673279,
                            41.046378,
                            0
                        ],
                        [
                            116.665207,
                            41.046682,
                            0
                        ],
                        [
                            116.657009,
                            41.051303,
                            0
                        ],
                        [
                            116.653914,
                            41.05626,
                            0
                        ],
                        [
                            116.647431,
                            41.059393,
                            0
                        ],
                        [
                            116.641158,
                            41.058322,
                            0
                        ],
                        [
                            116.637937,
                            41.060497,
                            0
                        ],
                        [
                            116.630848,
                            41.0608,
                            0
                        ],
                        [
                            116.624093,
                            41.054437,
                            0
                        ],
                        [
                            116.61646,
                            41.053382,
                            0
                        ],
                        [
                            116.617736,
                            41.048649,
                            0
                        ],
                        [
                            116.613491,
                            41.040782,
                            0
                        ],
                        [
                            116.614118,
                            41.036096,
                            0
                        ],
                        [
                            116.617589,
                            41.034704,
                            0
                        ],
                        [
                            116.621228,
                            41.028978,
                            0
                        ],
                        [
                            116.62288,
                            41.020693,
                            0
                        ],
                        [
                            116.621897,
                            41.015749,
                            0
                        ],
                        [
                            116.619179,
                            41.01423,
                            0
                        ],
                        [
                            116.614892,
                            41.003574,
                            0
                        ],
                        [
                            116.617067,
                            40.998725,
                            0
                        ],
                        [
                            116.614515,
                            40.983314,
                            0
                        ],
                        [
                            116.597764,
                            40.97475,
                            0
                        ],
                        [
                            116.589692,
                            40.976703,
                            0
                        ],
                        [
                            116.574928,
                            40.986307,
                            0
                        ],
                        [
                            116.569177,
                            40.991636,
                            0
                        ],
                        [
                            116.561231,
                            40.993461,
                            0
                        ],
                        [
                            116.558617,
                            40.988627,
                            0
                        ],
                        [
                            116.547826,
                            40.988003,
                            0
                        ],
                        [
                            116.541991,
                            40.99026,
                            0
                        ],
                        [
                            116.535634,
                            40.988675,
                            0
                        ],
                        [
                            116.533417,
                            40.985698,
                            0
                        ],
                        [
                            116.524718,
                            40.981073,
                            0
                        ],
                        [
                            116.519573,
                            40.981569,
                            0
                        ],
                        [
                            116.51629,
                            40.975198,
                            0
                        ],
                        [
                            116.504516,
                            40.975919,
                            0
                        ],
                        [
                            116.496737,
                            40.978432,
                            0
                        ],
                        [
                            116.493726,
                            40.977919,
                            0
                        ],
                        [
                            116.485612,
                            40.982465,
                            0
                        ],
                        [
                            116.47894,
                            40.979104,
                            0
                        ],
                        [
                            116.474193,
                            40.978608,
                            0
                        ],
                        [
                            116.464135,
                            40.984498,
                            0
                        ],
                        [
                            116.455519,
                            40.980481,
                            0
                        ],
                        [
                            116.451713,
                            40.968667,
                            0
                        ],
                        [
                            116.453302,
                            40.964584,
                            0
                        ],
                        [
                            116.447446,
                            40.95384,
                            0
                        ],
                        [
                            116.454829,
                            40.949533,
                            0
                        ],
                        [
                            116.455372,
                            40.945433,
                            0
                        ],
                        [
                            116.462315,
                            40.935231,
                            0
                        ],
                        [
                            116.461541,
                            40.932684,
                            0
                        ],
                        [
                            116.467209,
                            40.931322,
                            0
                        ],
                        [
                            116.468422,
                            40.925091,
                            0
                        ],
                        [
                            116.473608,
                            40.91974,
                            0
                        ],
                        [
                            116.477581,
                            40.901746,
                            0
                        ],
                        [
                            116.474047,
                            40.896008,
                            0
                        ],
                        [
                            116.464344,
                            40.896329,
                            0
                        ],
                        [
                            116.458676,
                            40.900592,
                            0
                        ],
                        [
                            116.45073,
                            40.901345,
                            0
                        ],
                        [
                            116.448492,
                            40.899919,
                            0
                        ],
                        [
                            116.436614,
                            40.89939,
                            0
                        ],
                        [
                            116.430905,
                            40.903364,
                            0
                        ],
                        [
                            116.418922,
                            40.902339,
                            0
                        ],
                        [
                            116.413715,
                            40.899758,
                            0
                        ],
                        [
                            116.404764,
                            40.905736,
                            0
                        ],
                        [
                            116.398533,
                            40.906024,
                            0
                        ],
                        [
                            116.396316,
                            40.911264,
                            0
                        ],
                        [
                            116.39274,
                            40.913123,
                            0
                        ],
                        [
                            116.384877,
                            40.922848,
                            0
                        ],
                        [
                            116.384019,
                            40.928535,
                            0
                        ],
                        [
                            116.379732,
                            40.933228,
                            0
                        ],
                        [
                            116.379941,
                            40.935775,
                            0
                        ],
                        [
                            116.370343,
                            40.943655,
                            0
                        ],
                        [
                            116.364801,
                            40.942999,
                            0
                        ],
                        [
                            116.358925,
                            40.93608,
                            0
                        ],
                        [
                            116.35012,
                            40.936048,
                            0
                        ],
                        [
                            116.339894,
                            40.929416,
                            0
                        ],
                        [
                            116.338828,
                            40.925732,
                            0
                        ],
                        [
                            116.334122,
                            40.920829,
                            0
                        ],
                        [
                            116.33544,
                            40.910495,
                            0
                        ],
                        [
                            116.334436,
                            40.90463,
                            0
                        ],
                        [
                            116.342236,
                            40.899887,
                            0
                        ],
                        [
                            116.344683,
                            40.894694,
                            0
                        ],
                        [
                            116.353864,
                            40.887786,
                            0
                        ],
                        [
                            116.360514,
                            40.884885,
                            0
                        ],
                        [
                            116.365972,
                            40.880188,
                            0
                        ],
                        [
                            116.366599,
                            40.876645,
                            0
                        ],
                        [
                            116.374881,
                            40.871531,
                            0
                        ],
                        [
                            116.38174,
                            40.863465,
                            0
                        ],
                        [
                            116.389707,
                            40.861814,
                            0
                        ],
                        [
                            116.391778,
                            40.854838,
                            0
                        ],
                        [
                            116.399306,
                            40.850492,
                            0
                        ],
                        [
                            116.406145,
                            40.837933,
                            0
                        ],
                        [
                            116.406458,
                            40.833361,
                            0
                        ],
                        [
                            116.414991,
                            40.829318,
                            0
                        ],
                        [
                            116.422477,
                            40.822772,
                            0
                        ],
                        [
                            116.436823,
                            40.820735,
                            0
                        ],
                        [
                            116.439897,
                            40.815038,
                            0
                        ],
                        [
                            116.440002,
                            40.809133,
                            0
                        ],
                        [
                            116.450981,
                            40.801927,
                            0
                        ],
                        [
                            116.452152,
                            40.798059,
                            0
                        ],
                        [
                            116.457233,
                            40.7983,
                            0
                        ],
                        [
                            116.461416,
                            40.78854,
                            0
                        ],
                        [
                            116.460663,
                            40.78244,
                            0
                        ],
                        [
                            116.465849,
                            40.774525,
                            0
                        ],
                        [
                            116.465452,
                            40.772742,
                            0
                        ],
                        [
                            116.471517,
                            40.771233,
                            0
                        ],
                        [
                            116.4803,
                            40.771586,
                            0
                        ],
                        [
                            116.485193,
                            40.765179,
                            0
                        ],
                        [
                            116.491404,
                            40.7633,
                            0
                        ],
                        [
                            116.495482,
                            40.759735,
                            0
                        ],
                        [
                            116.50025,
                            40.760811,
                            0
                        ],
                        [
                            116.502906,
                            40.756635,
                            0
                        ],
                        [
                            116.501819,
                            40.746581,
                            0
                        ],
                        [
                            116.506461,
                            40.743432,
                            0
                        ],
                        [
                            116.513697,
                            40.741456,
                            0
                        ],
                        [
                            116.509493,
                            40.73548,
                            0
                        ],
                        [
                            116.510748,
                            40.72645,
                            0
                        ],
                        [
                            116.506858,
                            40.720039,
                            0
                        ],
                        [
                            116.504119,
                            40.720135,
                            0
                        ],
                        [
                            116.503115,
                            40.715893,
                            0
                        ],
                        [
                            116.506064,
                            40.710879,
                            0
                        ],
                        [
                            116.501923,
                            40.706796,
                            0
                        ],
                        [
                            116.501066,
                            40.70228,
                            0
                        ],
                        [
                            116.502676,
                            40.697361,
                            0
                        ],
                        [
                            116.496653,
                            40.696879,
                            0
                        ],
                        [
                            116.488811,
                            40.69196,
                            0
                        ],
                        [
                            116.483374,
                            40.679403,
                            0
                        ],
                        [
                            116.487138,
                            40.674338,
                            0
                        ],
                        [
                            116.492826,
                            40.673984,
                            0
                        ],
                        [
                            116.501568,
                            40.671186,
                            0
                        ],
                        [
                            116.505938,
                            40.673067,
                            0
                        ],
                        [
                            116.513488,
                            40.672344,
                            0
                        ],
                        [
                            116.517273,
                            40.665734,
                            0
                        ],
                        [
                            116.520096,
                            40.66411,
                            0
                        ],
                        [
                            116.518381,
                            40.660925,
                            0
                        ],
                        [
                            116.527039,
                            40.6584,
                            0
                        ],
                        [
                            116.529507,
                            40.654588,
                            0
                        ],
                        [
                            116.540046,
                            40.656679,
                            0
                        ],
                        [
                            116.544103,
                            40.653767,
                            0
                        ],
                        [
                            116.545023,
                            40.650116,
                            0
                        ],
                        [
                            116.550335,
                            40.647606,
                            0
                        ],
                        [
                            116.551151,
                            40.642828,
                            0
                        ],
                        [
                            116.55389,
                            40.642877,
                            0
                        ],
                        [
                            116.563886,
                            40.636908,
                            0
                        ],
                        [
                            116.573903,
                            40.63628,
                            0
                        ],
                        [
                            116.574092,
                            40.631678,
                            0
                        ],
                        [
                            116.568989,
                            40.625483,
                            0
                        ],
                        [
                            116.561231,
                            40.628557,
                            0
                        ],
                        [
                            116.551674,
                            40.625209,
                            0
                        ],
                        [
                            116.545003,
                            40.627076,
                            0
                        ],
                        [
                            116.539294,
                            40.625612,
                            0
                        ],
                        [
                            116.538938,
                            40.619673,
                            0
                        ],
                        [
                            116.535634,
                            40.615698,
                            0
                        ],
                        [
                            116.532915,
                            40.606459,
                            0
                        ],
                        [
                            116.535948,
                            40.59944,
                            0
                        ],
                        [
                            116.530929,
                            40.595883,
                            0
                        ],
                        [
                            116.531577,
                            40.59131,
                            0
                        ],
                        [
                            116.525136,
                            40.583002,
                            0
                        ],
                        [
                            116.517796,
                            40.579749,
                            0
                        ],
                        [
                            116.513153,
                            40.572792,
                            0
                        ],
                        [
                            116.509577,
                            40.57276,
                            0
                        ],
                        [
                            116.505144,
                            40.562581,
                            0
                        ],
                        [
                            116.499999,
                            40.560921,
                            0
                        ],
                        [
                            116.496277,
                            40.555106,
                            0
                        ],
                        [
                            116.484587,
                            40.552867,
                            0
                        ],
                        [
                            116.479651,
                            40.541396,
                            0
                        ],
                        [
                            116.470617,
                            40.535418,
                            0
                        ],
                        [
                            116.467125,
                            40.530068,
                            0
                        ],
                        [
                            116.460956,
                            40.524363,
                            0
                        ],
                        [
                            116.46587,
                            40.518802,
                            0
                        ],
                        [
                            116.470345,
                            40.518963,
                            0
                        ],
                        [
                            116.476306,
                            40.514192,
                            0
                        ],
                        [
                            116.488581,
                            40.515853,
                            0
                        ],
                        [
                            116.492073,
                            40.518093,
                            0
                        ],
                        [
                            116.497762,
                            40.518093,
                            0
                        ],
                        [
                            116.500459,
                            40.510904,
                            0
                        ],
                        [
                            116.506398,
                            40.508212,
                            0
                        ],
                        [
                            116.51194,
                            40.501135,
                            0
                        ],
                        [
                            116.519155,
                            40.496604,
                            0
                        ],
                        [
                            116.519092,
                            40.491799,
                            0
                        ],
                        [
                            116.511543,
                            40.486929,
                            0
                        ],
                        [
                            116.508322,
                            40.483172,
                            0
                        ],
                        [
                            116.492157,
                            40.481027,
                            0
                        ],
                        [
                            116.487347,
                            40.481737,
                            0
                        ],
                        [
                            116.483541,
                            40.484994,
                            0
                        ],
                        [
                            116.468212,
                            40.48493,
                            0
                        ],
                        [
                            116.465577,
                            40.48701,
                            0
                        ],
                        [
                            116.457903,
                            40.488445,
                            0
                        ],
                        [
                            116.455937,
                            40.480914,
                            0
                        ],
                        [
                            116.443201,
                            40.481801,
                            0
                        ],
                        [
                            116.433142,
                            40.478189,
                            0
                        ],
                        [
                            116.420971,
                            40.480301,
                            0
                        ],
                        [
                            116.416664,
                            40.483011,
                            0
                        ],
                        [
                            116.413673,
                            40.481527,
                            0
                        ],
                        [
                            116.4065,
                            40.481995,
                            0
                        ],
                        [
                            116.393702,
                            40.47256,
                            0
                        ],
                        [
                            116.38609,
                            40.475802,
                            0
                        ],
                        [
                            116.387344,
                            40.482043,
                            0
                        ],
                        [
                            116.376825,
                            40.485736,
                            0
                        ],
                        [
                            116.378603,
                            40.491525,
                            0
                        ],
                        [
                            116.377537,
                            40.49683,
                            0
                        ],
                        [
                            116.369632,
                            40.500312,
                            0
                        ],
                        [
                            116.365909,
                            40.499635,
                            0
                        ],
                        [
                            116.357042,
                            40.501941,
                            0
                        ],
                        [
                            116.348636,
                            40.499071,
                            0
                        ],
                        [
                            116.34232,
                            40.500457,
                            0
                        ],
                        [
                            116.336653,
                            40.498636,
                            0
                        ],
                        [
                            116.330567,
                            40.500748,
                            0
                        ],
                        [
                            116.323227,
                            40.500151,
                            0
                        ],
                        [
                            116.31321,
                            40.491799,
                            0
                        ],
                        [
                            116.31022,
                            40.491702,
                            0
                        ],
                        [
                            116.303779,
                            40.485817,
                            0
                        ],
                        [
                            116.29717,
                            40.486768,
                            0
                        ],
                        [
                            116.291691,
                            40.485317,
                            0
                        ],
                        [
                            116.294786,
                            40.47535,
                            0
                        ],
                        [
                            116.301646,
                            40.468108,
                            0
                        ],
                        [
                            116.306853,
                            40.466092,
                            0
                        ],
                        [
                            116.300955,
                            40.458429,
                            0
                        ],
                        [
                            116.293824,
                            40.452831,
                            0
                        ],
                        [
                            116.294368,
                            40.449975,
                            0
                        ],
                        [
                            116.289788,
                            40.440907,
                            0
                        ],
                        [
                            116.290667,
                            40.435856,
                            0
                        ],
                        [
                            116.294452,
                            40.429304,
                            0
                        ],
                        [
                            116.296648,
                            40.420701,
                            0
                        ],
                        [
                            116.291942,
                            40.416617,
                            0
                        ],
                        [
                            116.289433,
                            40.418021,
                            0
                        ],
                        [
                            116.288513,
                            40.413437,
                            0
                        ],
                        [
                            116.291608,
                            40.408448,
                            0
                        ],
                        [
                            116.287864,
                            40.404719,
                            0
                        ],
                        [
                            116.289746,
                            40.402539,
                            0
                        ],
                        [
                            116.286003,
                            40.396032,
                            0
                        ],
                        [
                            116.289872,
                            40.391672,
                            0
                        ]
                    ]
                ]
            },
            "properties": {
                "name": "怀柔区",
                "_color": "#35ddb0",
                "center": [
                    116.57685303238097,
                    40.627145979047555,
                    0
                ]
            }
        },
        {
            "type": "Feature",
            "geometry": {
                "type": "Polygon",
                "coordinates": [
                    [
                        [
                            116.151579,
                            39.993442,
                            0
                        ],
                        [
                            116.154527,
                            39.997275,
                            0
                        ],
                        [
                            116.161658,
                            39.999987,
                            0
                        ],
                        [
                            116.172115,
                            40.000637,
                            0
                        ],
                        [
                            116.175335,
                            40.006403,
                            0
                        ],
                        [
                            116.164774,
                            40.014328,
                            0
                        ],
                        [
                            116.163938,
                            40.016796,
                            0
                        ],
                        [
                            116.157309,
                            40.021034,
                            0
                        ],
                        [
                            116.149278,
                            40.022154,
                            0
                        ],
                        [
                            116.140098,
                            40.02873,
                            0
                        ],
                        [
                            116.129558,
                            40.0311,
                            0
                        ],
                        [
                            116.123598,
                            40.029655,
                            0
                        ],
                        [
                            116.114522,
                            40.033,
                            0
                        ],
                        [
                            116.105488,
                            40.032204,
                            0
                        ],
                        [
                            116.098398,
                            40.033811,
                            0
                        ],
                        [
                            116.095073,
                            40.031782,
                            0
                        ],
                        [
                            116.084241,
                            40.030905,
                            0
                        ],
                        [
                            116.078176,
                            40.032756,
                            0
                        ],
                        [
                            116.075123,
                            40.039915,
                            0
                        ],
                        [
                            116.068055,
                            40.051926,
                            0
                        ],
                        [
                            116.071129,
                            40.062037,
                            0
                        ],
                        [
                            116.064981,
                            40.067456,
                            0
                        ],
                        [
                            116.064019,
                            40.073022,
                            0
                        ],
                        [
                            116.054587,
                            40.07823,
                            0
                        ],
                        [
                            116.051325,
                            40.084345,
                            0
                        ],
                        [
                            116.048878,
                            40.085303,
                            0
                        ],
                        [
                            116.043775,
                            40.083502,
                            0
                        ],
                        [
                            116.037899,
                            40.084524,
                            0
                        ],
                        [
                            116.033926,
                            40.079657,
                            0
                        ],
                        [
                            116.030914,
                            40.082188,
                            0
                        ],
                        [
                            116.020856,
                            40.074579,
                            0
                        ],
                        [
                            116.007785,
                            40.080614,
                            0
                        ],
                        [
                            116.005129,
                            40.079803,
                            0
                        ],
                        [
                            115.99735,
                            40.082074,
                            0
                        ],
                        [
                            115.986434,
                            40.083469,
                            0
                        ],
                        [
                            115.979993,
                            40.081669,
                            0
                        ],
                        [
                            115.977232,
                            40.079041,
                            0
                        ],
                        [
                            115.968575,
                            40.075488,
                            0
                        ],
                        [
                            115.966588,
                            40.084556,
                            0
                        ],
                        [
                            115.960461,
                            40.092456,
                            0
                        ],
                        [
                            115.962092,
                            40.094419,
                            0
                        ],
                        [
                            115.962552,
                            40.10235,
                            0
                        ],
                        [
                            115.957449,
                            40.100679,
                            0
                        ],
                        [
                            115.956717,
                            40.096041,
                            0
                        ],
                        [
                            115.952681,
                            40.10102,
                            0
                        ],
                        [
                            115.943229,
                            40.103339,
                            0
                        ],
                        [
                            115.947913,
                            40.107409,
                            0
                        ],
                        [
                            115.933588,
                            40.124824,
                            0
                        ],
                        [
                            115.921438,
                            40.134485,
                            0
                        ],
                        [
                            115.906549,
                            40.138181,
                            0
                        ],
                        [
                            115.904457,
                            40.136123,
                            0
                        ],
                        [
                            115.900442,
                            40.138716,
                            0
                        ],
                        [
                            115.8816,
                            40.139073,
                            0
                        ],
                        [
                            115.874155,
                            40.14387,
                            0
                        ],
                        [
                            115.870768,
                            40.144276,
                            0
                        ],
                        [
                            115.865184,
                            40.148635,
                            0
                        ],
                        [
                            115.856547,
                            40.147468,
                            0
                        ],
                        [
                            115.853348,
                            40.149332,
                            0
                        ],
                        [
                            115.846384,
                            40.147096,
                            0
                        ],
                        [
                            115.834234,
                            40.15024,
                            0
                        ],
                        [
                            115.83576,
                            40.145426,
                            0
                        ],
                        [
                            115.829047,
                            40.149981,
                            0
                        ],
                        [
                            115.822272,
                            40.152606,
                            0
                        ],
                        [
                            115.806567,
                            40.153254,
                            0
                        ],
                        [
                            115.802091,
                            40.156754,
                            0
                        ],
                        [
                            115.789837,
                            40.168939,
                            0
                        ],
                        [
                            115.78693,
                            40.170414,
                            0
                        ],
                        [
                            115.787014,
                            40.178708,
                            0
                        ],
                        [
                            115.773023,
                            40.176197,
                            0
                        ],
                        [
                            115.768213,
                            40.165553,
                            0
                        ],
                        [
                            115.762212,
                            40.16262,
                            0
                        ],
                        [
                            115.754328,
                            40.163252,
                            0
                        ],
                        [
                            115.749539,
                            40.152995,
                            0
                        ],
                        [
                            115.75485,
                            40.145459,
                            0
                        ],
                        [
                            115.749246,
                            40.137711,
                            0
                        ],
                        [
                            115.741111,
                            40.132216,
                            0
                        ],
                        [
                            115.734126,
                            40.129379,
                            0
                        ],
                        [
                            115.724841,
                            40.128812,
                            0
                        ],
                        [
                            115.715891,
                            40.133383,
                            0
                        ],
                        [
                            115.708697,
                            40.134291,
                            0
                        ],
                        [
                            115.699746,
                            40.132394,
                            0
                        ],
                        [
                            115.704765,
                            40.129655,
                            0
                        ],
                        [
                            115.711039,
                            40.128941,
                            0
                        ],
                        [
                            115.712064,
                            40.126899,
                            0
                        ],
                        [
                            115.702172,
                            40.128196,
                            0
                        ],
                        [
                            115.697216,
                            40.12672,
                            0
                        ],
                        [
                            115.693096,
                            40.131924,
                            0
                        ],
                        [
                            115.68699,
                            40.13053,
                            0
                        ],
                        [
                            115.681197,
                            40.13267,
                            0
                        ],
                        [
                            115.678667,
                            40.130935,
                            0
                        ],
                        [
                            115.657734,
                            40.128098,
                            0
                        ],
                        [
                            115.654806,
                            40.131276,
                            0
                        ],
                        [
                            115.64458,
                            40.126639,
                            0
                        ],
                        [
                            115.641882,
                            40.120819,
                            0
                        ],
                        [
                            115.643722,
                            40.117511,
                            0
                        ],
                        [
                            115.635943,
                            40.115793,
                            0
                        ],
                        [
                            115.631468,
                            40.117852,
                            0
                        ],
                        [
                            115.625048,
                            40.116295,
                            0
                        ],
                        [
                            115.621388,
                            40.118711,
                            0
                        ],
                        [
                            115.616223,
                            40.117138,
                            0
                        ],
                        [
                            115.606979,
                            40.120057,
                            0
                        ],
                        [
                            115.599116,
                            40.120008,
                            0
                        ],
                        [
                            115.59485,
                            40.116279,
                            0
                        ],
                        [
                            115.594432,
                            40.108982,
                            0
                        ],
                        [
                            115.592403,
                            40.110182,
                            0
                        ],
                        [
                            115.590709,
                            40.096397,
                            0
                        ],
                        [
                            115.584038,
                            40.094889,
                            0
                        ],
                        [
                            115.578538,
                            40.096365,
                            0
                        ],
                        [
                            115.576196,
                            40.100825,
                            0
                        ],
                        [
                            115.567769,
                            40.096543,
                            0
                        ],
                        [
                            115.563419,
                            40.097922,
                            0
                        ],
                        [
                            115.553736,
                            40.091661,
                            0
                        ],
                        [
                            115.555472,
                            40.082626,
                            0
                        ],
                        [
                            115.552168,
                            40.079252,
                            0
                        ],
                        [
                            115.544263,
                            40.07591,
                            0
                        ],
                        [
                            115.537885,
                            40.077775,
                            0
                        ],
                        [
                            115.527324,
                            40.076072,
                            0
                        ],
                        [
                            115.514944,
                            40.066937,
                            0
                        ],
                        [
                            115.509695,
                            40.065477,
                            0
                        ],
                        [
                            115.510427,
                            40.062913,
                            0
                        ],
                        [
                            115.500954,
                            40.052478,
                            0
                        ],
                        [
                            115.488323,
                            40.046132,
                            0
                        ],
                        [
                            115.488992,
                            40.043746,
                            0
                        ],
                        [
                            115.478557,
                            40.036165,
                            0
                        ],
                        [
                            115.468414,
                            40.031896,
                            0
                        ],
                        [
                            115.460656,
                            40.032172,
                            0
                        ],
                        [
                            115.454528,
                            40.029704,
                            0
                        ],
                        [
                            115.452082,
                            40.02079,
                            0
                        ],
                        [
                            115.442169,
                            40.010885,
                            0
                        ],
                        [
                            115.442817,
                            40.007345,
                            0
                        ],
                        [
                            115.449196,
                            40.001985,
                            0
                        ],
                        [
                            115.450346,
                            39.993247,
                            0
                        ],
                        [
                            115.443905,
                            39.994644,
                            0
                        ],
                        [
                            115.436815,
                            39.991427,
                            0
                        ],
                        [
                            115.428513,
                            39.984328,
                            0
                        ],
                        [
                            115.427635,
                            39.979471,
                            0
                        ],
                        [
                            115.423411,
                            39.969819,
                            0
                        ],
                        [
                            115.426924,
                            39.965302,
                            0
                        ],
                        [
                            115.423745,
                            39.955697,
                            0
                        ],
                        [
                            115.42615,
                            39.95035,
                            0
                        ],
                        [
                            115.43577,
                            39.950919,
                            0
                        ],
                        [
                            115.438468,
                            39.95256,
                            0
                        ],
                        [
                            115.444595,
                            39.951358,
                            0
                        ],
                        [
                            115.447042,
                            39.948806,
                            0
                        ],
                        [
                            115.452312,
                            39.948188,
                            0
                        ],
                        [
                            115.456787,
                            39.944271,
                            0
                        ],
                        [
                            115.464462,
                            39.940142,
                            0
                        ],
                        [
                            115.472387,
                            39.93876,
                            0
                        ],
                        [
                            115.48069,
                            39.93585,
                            0
                        ],
                        [
                            115.487277,
                            39.923835,
                            0
                        ],
                        [
                            115.494994,
                            39.917948,
                            0
                        ],
                        [
                            115.50386,
                            39.915818,
                            0
                        ],
                        [
                            115.52013,
                            39.902547,
                            0
                        ],
                        [
                            115.523016,
                            39.898919,
                            0
                        ],
                        [
                            115.509026,
                            39.884164,
                            0
                        ],
                        [
                            115.51003,
                            39.88148,
                            0
                        ],
                        [
                            115.516659,
                            39.880406,
                            0
                        ],
                        [
                            115.526299,
                            39.875655,
                            0
                        ],
                        [
                            115.529185,
                            39.875948,
                            0
                        ],
                        [
                            115.527345,
                            39.869862,
                            0
                        ],
                        [
                            115.521929,
                            39.868186,
                            0
                        ],
                        [
                            115.522368,
                            39.858779,
                            0
                        ],
                        [
                            115.515948,
                            39.847678,
                            0
                        ],
                        [
                            115.510992,
                            39.84509,
                            0
                        ],
                        [
                            115.514505,
                            39.83835,
                            0
                        ],
                        [
                            115.526509,
                            39.835241,
                            0
                        ],
                        [
                            115.530482,
                            39.829916,
                            0
                        ],
                        [
                            115.534957,
                            39.830714,
                            0
                        ],
                        [
                            115.546396,
                            39.825992,
                            0
                        ],
                        [
                            115.548027,
                            39.822703,
                            0
                        ],
                        [
                            115.563461,
                            39.816417,
                            0
                        ],
                        [
                            115.569274,
                            39.813274,
                            0
                        ],
                        [
                            115.577367,
                            39.812541,
                            0
                        ],
                        [
                            115.587322,
                            39.813762,
                            0
                        ],
                        [
                            115.59117,
                            39.818534,
                            0
                        ],
                        [
                            115.596649,
                            39.821498,
                            0
                        ],
                        [
                            115.599325,
                            39.829151,
                            0
                        ],
                        [
                            115.604533,
                            39.834443,
                            0
                        ],
                        [
                            115.607586,
                            39.84089,
                            0
                        ],
                        [
                            115.613086,
                            39.843755,
                            0
                        ],
                        [
                            115.616369,
                            39.857542,
                            0
                        ],
                        [
                            115.621973,
                            39.863271,
                            0
                        ],
                        [
                            115.623103,
                            39.866949,
                            0
                        ],
                        [
                            115.630987,
                            39.871977,
                            0
                        ],
                        [
                            115.640021,
                            39.871554,
                            0
                        ],
                        [
                            115.644705,
                            39.875964,
                            0
                        ],
                        [
                            115.648867,
                            39.875411,
                            0
                        ],
                        [
                            115.654869,
                            39.882505,
                            0
                        ],
                        [
                            115.667541,
                            39.883888,
                            0
                        ],
                        [
                            115.671055,
                            39.88597,
                            0
                        ],
                        [
                            115.678144,
                            39.886556,
                            0
                        ],
                        [
                            115.682556,
                            39.893047,
                            0
                        ],
                        [
                            115.68929,
                            39.896187,
                            0
                        ],
                        [
                            115.691779,
                            39.8997,
                            0
                        ],
                        [
                            115.709178,
                            39.905117,
                            0
                        ],
                        [
                            115.719592,
                            39.904612,
                            0
                        ],
                        [
                            115.721621,
                            39.906824,
                            0
                        ],
                        [
                            115.731261,
                            39.907865,
                            0
                        ],
                        [
                            115.74889,
                            39.9152,
                            0
                        ],
                        [
                            115.749622,
                            39.917655,
                            0
                        ],
                        [
                            115.76148,
                            39.920989,
                            0
                        ],
                        [
                            115.769385,
                            39.925233,
                            0
                        ],
                        [
                            115.774257,
                            39.920599,
                            0
                        ],
                        [
                            115.792848,
                            39.920859,
                            0
                        ],
                        [
                            115.797344,
                            39.92216,
                            0
                        ],
                        [
                            115.806839,
                            39.919656,
                            0
                        ],
                        [
                            115.811084,
                            39.913785,
                            0
                        ],
                        [
                            115.8188,
                            39.913948,
                            0
                        ],
                        [
                            115.826914,
                            39.910581,
                            0
                        ],
                        [
                            115.835112,
                            39.899586,
                            0
                        ],
                        [
                            115.838772,
                            39.900644,
                            0
                        ],
                        [
                            115.845255,
                            39.897049,
                            0
                        ],
                        [
                            115.860897,
                            39.901359,
                            0
                        ],
                        [
                            115.868321,
                            39.905572,
                            0
                        ],
                        [
                            115.87311,
                            39.912484,
                            0
                        ],
                        [
                            115.87884,
                            39.915964,
                            0
                        ],
                        [
                            115.890112,
                            39.917281,
                            0
                        ],
                        [
                            115.903935,
                            39.914029,
                            0
                        ],
                        [
                            115.927858,
                            39.914257,
                            0
                        ],
                        [
                            115.935868,
                            39.917753,
                            0
                        ],
                        [
                            115.941159,
                            39.917509,
                            0
                        ],
                        [
                            115.945697,
                            39.910972,
                            0
                        ],
                        [
                            115.944965,
                            39.901847,
                            0
                        ],
                        [
                            115.935805,
                            39.898236,
                            0
                        ],
                        [
                            115.921856,
                            39.884164,
                            0
                        ],
                        [
                            115.92744,
                            39.876192,
                            0
                        ],
                        [
                            115.949837,
                            39.871278,
                            0
                        ],
                        [
                            115.954145,
                            39.866786,
                            0
                        ],
                        [
                            115.961318,
                            39.867877,
                            0
                        ],
                        [
                            115.967822,
                            39.872059,
                            0
                        ],
                        [
                            115.968742,
                            39.867714,
                            0
                        ],
                        [
                            115.976563,
                            39.868251,
                            0
                        ],
                        [
                            115.97627,
                            39.870497,
                            0
                        ],
                        [
                            115.990177,
                            39.876338,
                            0
                        ],
                        [
                            115.997245,
                            39.875167,
                            0
                        ],
                        [
                            115.992875,
                            39.867356,
                            0
                        ],
                        [
                            115.986789,
                            39.864703,
                            0
                        ],
                        [
                            115.98817,
                            39.859837,
                            0
                        ],
                        [
                            115.98428,
                            39.849111,
                            0
                        ],
                        [
                            115.991285,
                            39.840222,
                            0
                        ],
                        [
                            116.00789,
                            39.849469,
                            0
                        ],
                        [
                            116.016694,
                            39.849225,
                            0
                        ],
                        [
                            116.018367,
                            39.841525,
                            0
                        ],
                        [
                            116.021023,
                            39.840662,
                            0
                        ],
                        [
                            116.030308,
                            39.843462,
                            0
                        ],
                        [
                            116.033089,
                            39.845904,
                            0
                        ],
                        [
                            116.04181,
                            39.844878,
                            0
                        ],
                        [
                            116.045825,
                            39.84732,
                            0
                        ],
                        [
                            116.05465,
                            39.845953,
                            0
                        ],
                        [
                            116.056553,
                            39.85095,
                            0
                        ],
                        [
                            116.070982,
                            39.853717,
                            0
                        ],
                        [
                            116.070188,
                            39.860423,
                            0
                        ],
                        [
                            116.067344,
                            39.865761,
                            0
                        ],
                        [
                            116.07046,
                            39.868446,
                            0
                        ],
                        [
                            116.078323,
                            39.870318,
                            0
                        ],
                        [
                            116.087169,
                            39.866152,
                            0
                        ],
                        [
                            116.095826,
                            39.869032,
                            0
                        ],
                        [
                            116.104149,
                            39.868837,
                            0
                        ],
                        [
                            116.105425,
                            39.872547,
                            0
                        ],
                        [
                            116.112242,
                            39.873247,
                            0
                        ],
                        [
                            116.119729,
                            39.877477,
                            0
                        ],
                        [
                            116.125898,
                            39.877949,
                            0
                        ],
                        [
                            116.13167,
                            39.881268,
                            0
                        ],
                        [
                            116.147605,
                            39.885287,
                            0
                        ],
                        [
                            116.150972,
                            39.884051,
                            0
                        ],
                        [
                            116.156137,
                            39.889029,
                            0
                        ],
                        [
                            116.163352,
                            39.886881,
                            0
                        ],
                        [
                            116.167033,
                            39.888752,
                            0
                        ],
                        [
                            116.161094,
                            39.896805,
                            0
                        ],
                        [
                            116.153503,
                            39.900985,
                            0
                        ],
                        [
                            116.152792,
                            39.906629,
                            0
                        ],
                        [
                            116.146852,
                            39.910077,
                            0
                        ],
                        [
                            116.139282,
                            39.922095,
                            0
                        ],
                        [
                            116.13029,
                            39.924518,
                            0
                        ],
                        [
                            116.127341,
                            39.926615,
                            0
                        ],
                        [
                            116.127822,
                            39.930338,
                            0
                        ],
                        [
                            116.124769,
                            39.934907,
                            0
                        ],
                        [
                            116.119875,
                            39.932761,
                            0
                        ],
                        [
                            116.11195,
                            39.942921,
                            0
                        ],
                        [
                            116.114522,
                            39.949196,
                            0
                        ],
                        [
                            116.120043,
                            39.950789,
                            0
                        ],
                        [
                            116.115254,
                            39.957745,
                            0
                        ],
                        [
                            116.120712,
                            39.96119,
                            0
                        ],
                        [
                            116.122971,
                            39.967561,
                            0
                        ],
                        [
                            116.116592,
                            39.971932,
                            0
                        ],
                        [
                            116.113455,
                            39.981518,
                            0
                        ],
                        [
                            116.118934,
                            39.986115,
                            0
                        ],
                        [
                            116.144678,
                            39.989186,
                            0
                        ],
                        [
                            116.151579,
                            39.993442,
                            0
                        ]
                    ]
                ]
            },
            "properties": {
                "name": "门头沟区",
                "_color": "#f7fc9c",
                "center": [
                    115.81106388888891,
                    39.984845427083336,
                    0
                ]
            }
        },
        {
            "type": "Feature",
            "geometry": {
                "type": "Polygon",
                "coordinates": [
                    [
                        [
                            117.223901,
                            40.375538,
                            0
                        ],
                        [
                            117.226661,
                            40.378558,
                            0
                        ],
                        [
                            117.229045,
                            40.386843,
                            0
                        ],
                        [
                            117.235382,
                            40.389556,
                            0
                        ],
                        [
                            117.23695,
                            40.394078,
                            0
                        ],
                        [
                            117.240694,
                            40.394417,
                            0
                        ],
                        [
                            117.240484,
                            40.39763,
                            0
                        ],
                        [
                            117.236616,
                            40.400844,
                            0
                        ],
                        [
                            117.237515,
                            40.407786,
                            0
                        ],
                        [
                            117.234085,
                            40.417149,
                            0
                        ],
                        [
                            117.243872,
                            40.422848,
                            0
                        ],
                        [
                            117.246737,
                            40.426883,
                            0
                        ],
                        [
                            117.257654,
                            40.435372,
                            0
                        ],
                        [
                            117.263342,
                            40.442375,
                            0
                        ],
                        [
                            117.252635,
                            40.446038,
                            0
                        ],
                        [
                            117.252154,
                            40.450459,
                            0
                        ],
                        [
                            117.243308,
                            40.455428,
                            0
                        ],
                        [
                            117.236532,
                            40.456558,
                            0
                        ],
                        [
                            117.233207,
                            40.463204,
                            0
                        ],
                        [
                            117.237243,
                            40.468785,
                            0
                        ],
                        [
                            117.230907,
                            40.470463,
                            0
                        ],
                        [
                            117.225783,
                            40.47585,
                            0
                        ],
                        [
                            117.22846,
                            40.481301,
                            0
                        ],
                        [
                            117.21792,
                            40.494589,
                            0
                        ],
                        [
                            117.212065,
                            40.494685,
                            0
                        ],
                        [
                            117.208426,
                            40.498071,
                            0
                        ],
                        [
                            117.208572,
                            40.501102,
                            0
                        ],
                        [
                            117.21449,
                            40.50739,
                            0
                        ],
                        [
                            117.212504,
                            40.507906,
                            0
                        ],
                        [
                            117.215013,
                            40.513273,
                            0
                        ],
                        [
                            117.219969,
                            40.514321,
                            0
                        ],
                        [
                            117.230405,
                            40.511162,
                            0
                        ],
                        [
                            117.239543,
                            40.516723,
                            0
                        ],
                        [
                            117.246821,
                            40.511968,
                            0
                        ],
                        [
                            117.255562,
                            40.514934,
                            0
                        ],
                        [
                            117.263133,
                            40.513145,
                            0
                        ],
                        [
                            117.264115,
                            40.517271,
                            0
                        ],
                        [
                            117.26146,
                            40.51906,
                            0
                        ],
                        [
                            117.255123,
                            40.527973,
                            0
                        ],
                        [
                            117.252007,
                            40.53632,
                            0
                        ],
                        [
                            117.247427,
                            40.540236,
                            0
                        ],
                        [
                            117.250606,
                            40.542024,
                            0
                        ],
                        [
                            117.24954,
                            40.548179,
                            0
                        ],
                        [
                            117.25964,
                            40.552867,
                            0
                        ],
                        [
                            117.268507,
                            40.559842,
                            0
                        ],
                        [
                            117.273191,
                            40.561501,
                            0
                        ],
                        [
                            117.279256,
                            40.560342,
                            0
                        ],
                        [
                            117.285592,
                            40.565061,
                            0
                        ],
                        [
                            117.299562,
                            40.566801,
                            0
                        ],
                        [
                            117.311837,
                            40.578026,
                            0
                        ],
                        [
                            117.325451,
                            40.578155,
                            0
                        ],
                        [
                            117.328442,
                            40.575948,
                            0
                        ],
                        [
                            117.334611,
                            40.576464,
                            0
                        ],
                        [
                            117.342767,
                            40.581585,
                            0
                        ],
                        [
                            117.350023,
                            40.582197,
                            0
                        ],
                        [
                            117.353014,
                            40.578831,
                            0
                        ],
                        [
                            117.365917,
                            40.575965,
                            0
                        ],
                        [
                            117.369221,
                            40.57036,
                            0
                        ],
                        [
                            117.375453,
                            40.567799,
                            0
                        ],
                        [
                            117.378422,
                            40.56337,
                            0
                        ],
                        [
                            117.389297,
                            40.561244,
                            0
                        ],
                        [
                            117.39465,
                            40.567912,
                            0
                        ],
                        [
                            117.400589,
                            40.569345,
                            0
                        ],
                        [
                            117.40358,
                            40.574257,
                            0
                        ],
                        [
                            117.413471,
                            40.569893,
                            0
                        ],
                        [
                            117.42123,
                            40.569104,
                            0
                        ],
                        [
                            117.429992,
                            40.576126,
                            0
                        ],
                        [
                            117.429804,
                            40.579298,
                            0
                        ],
                        [
                            117.423217,
                            40.58144,
                            0
                        ],
                        [
                            117.420623,
                            40.590875,
                            0
                        ],
                        [
                            117.421753,
                            40.593178,
                            0
                        ],
                        [
                            117.414747,
                            40.600728,
                            0
                        ],
                        [
                            117.412739,
                            40.605123,
                            0
                        ],
                        [
                            117.419954,
                            40.617517,
                            0
                        ],
                        [
                            117.430285,
                            40.626014,
                            0
                        ],
                        [
                            117.438002,
                            40.625692,
                            0
                        ],
                        [
                            117.442289,
                            40.627977,
                            0
                        ],
                        [
                            117.448876,
                            40.62838,
                            0
                        ],
                        [
                            117.45402,
                            40.642844,
                            0
                        ],
                        [
                            117.451448,
                            40.646577,
                            0
                        ],
                        [
                            117.456467,
                            40.649167,
                            0
                        ],
                        [
                            117.449106,
                            40.651596,
                            0
                        ],
                        [
                            117.462009,
                            40.653076,
                            0
                        ],
                        [
                            117.464309,
                            40.648652,
                            0
                        ],
                        [
                            117.467885,
                            40.649521,
                            0
                        ],
                        [
                            117.473093,
                            40.644453,
                            0
                        ],
                        [
                            117.475539,
                            40.644421,
                            0
                        ],
                        [
                            117.477986,
                            40.635331,
                            0
                        ],
                        [
                            117.486163,
                            40.633496,
                            0
                        ],
                        [
                            117.489948,
                            40.636023,
                            0
                        ],
                        [
                            117.500425,
                            40.6362,
                            0
                        ],
                        [
                            117.501972,
                            40.644518,
                            0
                        ],
                        [
                            117.505026,
                            40.646142,
                            0
                        ],
                        [
                            117.50283,
                            40.653076,
                            0
                        ],
                        [
                            117.513913,
                            40.656196,
                            0
                        ],
                        [
                            117.514583,
                            40.660523,
                            0
                        ],
                        [
                            117.502934,
                            40.669674,
                            0
                        ],
                        [
                            117.493357,
                            40.67527,
                            0
                        ],
                        [
                            117.484741,
                            40.677087,
                            0
                        ],
                        [
                            117.482399,
                            40.679033,
                            0
                        ],
                        [
                            117.471503,
                            40.674338,
                            0
                        ],
                        [
                            117.465188,
                            40.673534,
                            0
                        ],
                        [
                            117.453958,
                            40.677618,
                            0
                        ],
                        [
                            117.442226,
                            40.676605,
                            0
                        ],
                        [
                            117.437332,
                            40.683599,
                            0
                        ],
                        [
                            117.432711,
                            40.681622,
                            0
                        ],
                        [
                            117.426437,
                            40.685304,
                            0
                        ],
                        [
                            117.419348,
                            40.68696,
                            0
                        ],
                        [
                            117.414852,
                            40.685947,
                            0
                        ],
                        [
                            117.409226,
                            40.687281,
                            0
                        ],
                        [
                            117.397223,
                            40.683776,
                            0
                        ],
                        [
                            117.386996,
                            40.684178,
                            0
                        ],
                        [
                            117.378192,
                            40.678808,
                            0
                        ],
                        [
                            117.37058,
                            40.679708,
                            0
                        ],
                        [
                            117.359748,
                            40.673919,
                            0
                        ],
                        [
                            117.342411,
                            40.673437,
                            0
                        ],
                        [
                            117.336681,
                            40.666956,
                            0
                        ],
                        [
                            117.337622,
                            40.664447,
                            0
                        ],
                        [
                            117.331851,
                            40.661504,
                            0
                        ],
                        [
                            117.321164,
                            40.658287,
                            0
                        ],
                        [
                            117.290423,
                            40.660185,
                            0
                        ],
                        [
                            117.278608,
                            40.664463,
                            0
                        ],
                        [
                            117.278629,
                            40.667551,
                            0
                        ],
                        [
                            117.273401,
                            40.670076,
                            0
                        ],
                        [
                            117.267754,
                            40.676669,
                            0
                        ],
                        [
                            117.261397,
                            40.681155,
                            0
                        ],
                        [
                            117.256775,
                            40.679467,
                            0
                        ],
                        [
                            117.241635,
                            40.676669,
                            0
                        ],
                        [
                            117.234336,
                            40.680577,
                            0
                        ],
                        [
                            117.233207,
                            40.683583,
                            0
                        ],
                        [
                            117.218715,
                            40.689484,
                            0
                        ],
                        [
                            117.217335,
                            40.69196,
                            0
                        ],
                        [
                            117.210622,
                            40.691976,
                            0
                        ],
                        [
                            117.208405,
                            40.694435,
                            0
                        ],
                        [
                            117.202361,
                            40.695577,
                            0
                        ],
                        [
                            117.197802,
                            40.694291,
                            0
                        ],
                        [
                            117.193996,
                            40.696268,
                            0
                        ],
                        [
                            117.182453,
                            40.697072,
                            0
                        ],
                        [
                            117.180947,
                            40.694082,
                            0
                        ],
                        [
                            117.176639,
                            40.693567,
                            0
                        ],
                        [
                            117.169236,
                            40.699097,
                            0
                        ],
                        [
                            117.16474,
                            40.699628,
                            0
                        ],
                        [
                            117.159491,
                            40.696332,
                            0
                        ],
                        [
                            117.147571,
                            40.698968,
                            0
                        ],
                        [
                            117.142531,
                            40.6972,
                            0
                        ],
                        [
                            117.132493,
                            40.698663,
                            0
                        ],
                        [
                            117.128792,
                            40.700913,
                            0
                        ],
                        [
                            117.117792,
                            40.700078,
                            0
                        ],
                        [
                            117.110661,
                            40.708243,
                            0
                        ],
                        [
                            117.095144,
                            40.705559,
                            0
                        ],
                        [
                            117.086047,
                            40.702055,
                            0
                        ],
                        [
                            117.081153,
                            40.702617,
                            0
                        ],
                        [
                            117.076804,
                            40.700029,
                            0
                        ],
                        [
                            117.058338,
                            40.70154,
                            0
                        ],
                        [
                            117.054887,
                            40.699804,
                            0
                        ],
                        [
                            117.044494,
                            40.700367,
                            0
                        ],
                        [
                            117.036108,
                            40.697265,
                            0
                        ],
                        [
                            117.035585,
                            40.694467,
                            0
                        ],
                        [
                            117.031047,
                            40.692136,
                            0
                        ],
                        [
                            117.027848,
                            40.694355,
                            0
                        ],
                        [
                            117.018291,
                            40.696011,
                            0
                        ],
                        [
                            117.013418,
                            40.694082,
                            0
                        ],
                        [
                            117.005513,
                            40.694853,
                            0
                        ],
                        [
                            117.002481,
                            40.697345,
                            0
                        ],
                        [
                            116.990456,
                            40.701203,
                            0
                        ],
                        [
                            116.988177,
                            40.703164,
                            0
                        ],
                        [
                            116.979938,
                            40.702826,
                            0
                        ],
                        [
                            116.977533,
                            40.705559,
                            0
                        ],
                        [
                            116.969628,
                            40.706362,
                            0
                        ],
                        [
                            116.965111,
                            40.709593,
                            0
                        ],
                        [
                            116.96647,
                            40.71525,
                            0
                        ],
                        [
                            116.960134,
                            40.721083,
                            0
                        ],
                        [
                            116.946645,
                            40.726916,
                            0
                        ],
                        [
                            116.942714,
                            40.729857,
                            0
                        ],
                        [
                            116.940706,
                            40.739786,
                            0
                        ],
                        [
                            116.926548,
                            40.744894,
                            0
                        ],
                        [
                            116.923516,
                            40.750596,
                            0
                        ],
                        [
                            116.927908,
                            40.757824,
                            0
                        ],
                        [
                            116.923181,
                            40.766897,
                            0
                        ],
                        [
                            116.923391,
                            40.773722,
                            0
                        ],
                        [
                            116.904569,
                            40.777286,
                            0
                        ],
                        [
                            116.898589,
                            40.77674,
                            0
                        ],
                        [
                            116.895013,
                            40.781733,
                            0
                        ],
                        [
                            116.89495,
                            40.790675,
                            0
                        ],
                        [
                            116.896686,
                            40.796438,
                            0
                        ],
                        [
                            116.889073,
                            40.798348,
                            0
                        ],
                        [
                            116.886961,
                            40.801076,
                            0
                        ],
                        [
                            116.878575,
                            40.797545,
                            0
                        ],
                        [
                            116.873326,
                            40.798781,
                            0
                        ],
                        [
                            116.871277,
                            40.794785,
                            0
                        ],
                        [
                            116.862577,
                            40.792858,
                            0
                        ],
                        [
                            116.867471,
                            40.784559,
                            0
                        ],
                        [
                            116.858039,
                            40.78305,
                            0
                        ],
                        [
                            116.856806,
                            40.77955,
                            0
                        ],
                        [
                            116.851264,
                            40.778924,
                            0
                        ],
                        [
                            116.850448,
                            40.775006,
                            0
                        ],
                        [
                            116.834785,
                            40.770221,
                            0
                        ],
                        [
                            116.840076,
                            40.760682,
                            0
                        ],
                        [
                            116.831795,
                            40.751303,
                            0
                        ],
                        [
                            116.826211,
                            40.749343,
                            0
                        ],
                        [
                            116.818662,
                            40.75042,
                            0
                        ],
                        [
                            116.810527,
                            40.749118,
                            0
                        ],
                        [
                            116.802977,
                            40.745986,
                            0
                        ],
                        [
                            116.793629,
                            40.748267,
                            0
                        ],
                        [
                            116.783759,
                            40.757631,
                            0
                        ],
                        [
                            116.780727,
                            40.751512,
                            0
                        ],
                        [
                            116.782818,
                            40.747817,
                            0
                        ],
                        [
                            116.786352,
                            40.736026,
                            0
                        ],
                        [
                            116.790472,
                            40.728973,
                            0
                        ],
                        [
                            116.789091,
                            40.712454,
                            0
                        ],
                        [
                            116.786687,
                            40.7103,
                            0
                        ],
                        [
                            116.787105,
                            40.704482,
                            0
                        ],
                        [
                            116.783989,
                            40.700496,
                            0
                        ],
                        [
                            116.769246,
                            40.70281,
                            0
                        ],
                        [
                            116.762867,
                            40.706427,
                            0
                        ],
                        [
                            116.756155,
                            40.705687,
                            0
                        ],
                        [
                            116.754963,
                            40.702891,
                            0
                        ],
                        [
                            116.748668,
                            40.700544,
                            0
                        ],
                        [
                            116.747518,
                            40.697072,
                            0
                        ],
                        [
                            116.74252,
                            40.69593,
                            0
                        ],
                        [
                            116.735807,
                            40.69167,
                            0
                        ],
                        [
                            116.725581,
                            40.689114,
                            0
                        ],
                        [
                            116.725413,
                            40.68466,
                            0
                        ],
                        [
                            116.714915,
                            40.680014,
                            0
                        ],
                        [
                            116.713221,
                            40.669867,
                            0
                        ],
                        [
                            116.714309,
                            40.666104,
                            0
                        ],
                        [
                            116.709855,
                            40.662598,
                            0
                        ],
                        [
                            116.712636,
                            40.653896,
                            0
                        ],
                        [
                            116.711151,
                            40.648218,
                            0
                        ],
                        [
                            116.712197,
                            40.641268,
                            0
                        ],
                        [
                            116.70149,
                            40.632917,
                            0
                        ],
                        [
                            116.70195,
                            40.628444,
                            0
                        ],
                        [
                            116.705128,
                            40.626947,
                            0
                        ],
                        [
                            116.704689,
                            40.620076,
                            0
                        ],
                        [
                            116.701322,
                            40.621379,
                            0
                        ],
                        [
                            116.697955,
                            40.618402,
                            0
                        ],
                        [
                            116.702598,
                            40.612785,
                            0
                        ],
                        [
                            116.70655,
                            40.610998,
                            0
                        ],
                        [
                            116.707993,
                            40.606507,
                            0
                        ],
                        [
                            116.705609,
                            40.60303,
                            0
                        ],
                        [
                            116.711235,
                            40.600213,
                            0
                        ],
                        [
                            116.708495,
                            40.595206,
                            0
                        ],
                        [
                            116.711611,
                            40.59189,
                            0
                        ],
                        [
                            116.708955,
                            40.590054,
                            0
                        ],
                        [
                            116.714351,
                            40.58028,
                            0
                        ],
                        [
                            116.71456,
                            40.570682,
                            0
                        ],
                        [
                            116.710503,
                            40.568685,
                            0
                        ],
                        [
                            116.709855,
                            40.565512,
                            0
                        ],
                        [
                            116.699336,
                            40.563563,
                            0
                        ],
                        [
                            116.686349,
                            40.564497,
                            0
                        ],
                        [
                            116.679636,
                            40.562001,
                            0
                        ],
                        [
                            116.682397,
                            40.556766,
                            0
                        ],
                        [
                            116.66872,
                            40.557507,
                            0
                        ],
                        [
                            116.665771,
                            40.552432,
                            0
                        ],
                        [
                            116.67698,
                            40.554462,
                            0
                        ],
                        [
                            116.68225,
                            40.548904,
                            0
                        ],
                        [
                            116.690699,
                            40.549468,
                            0
                        ],
                        [
                            116.702138,
                            40.545456,
                            0
                        ],
                        [
                            116.701469,
                            40.539913,
                            0
                        ],
                        [
                            116.706948,
                            40.532582,
                            0
                        ],
                        [
                            116.712573,
                            40.529955,
                            0
                        ],
                        [
                            116.717216,
                            40.524798,
                            0
                        ],
                        [
                            116.712239,
                            40.522058,
                            0
                        ],
                        [
                            116.711402,
                            40.516465,
                            0
                        ],
                        [
                            116.701071,
                            40.510549,
                            0
                        ],
                        [
                            116.699106,
                            40.50444,
                            0
                        ],
                        [
                            116.698353,
                            40.493266,
                            0
                        ],
                        [
                            116.693376,
                            40.490783,
                            0
                        ],
                        [
                            116.694149,
                            40.485462,
                            0
                        ],
                        [
                            116.704334,
                            40.479043,
                            0
                        ],
                        [
                            116.69348,
                            40.481704,
                            0
                        ],
                        [
                            116.693397,
                            40.476108,
                            0
                        ],
                        [
                            116.695571,
                            40.466721,
                            0
                        ],
                        [
                            116.698667,
                            40.468043,
                            0
                        ],
                        [
                            116.706174,
                            40.459929,
                            0
                        ],
                        [
                            116.716902,
                            40.457074,
                            0
                        ],
                        [
                            116.719223,
                            40.460397,
                            0
                        ],
                        [
                            116.723594,
                            40.458542,
                            0
                        ],
                        [
                            116.7196,
                            40.455735,
                            0
                        ],
                        [
                            116.719265,
                            40.448636,
                            0
                        ],
                        [
                            116.725811,
                            40.443085,
                            0
                        ],
                        [
                            116.72098,
                            40.440988,
                            0
                        ],
                        [
                            116.716421,
                            40.441714,
                            0
                        ],
                        [
                            116.723552,
                            40.435065,
                            0
                        ],
                        [
                            116.722339,
                            40.423832,
                            0
                        ],
                        [
                            116.72556,
                            40.418053,
                            0
                        ],
                        [
                            116.73244,
                            40.420604,
                            0
                        ],
                        [
                            116.733235,
                            40.418312,
                            0
                        ],
                        [
                            116.741139,
                            40.414631,
                            0
                        ],
                        [
                            116.728801,
                            40.40982,
                            0
                        ],
                        [
                            116.724389,
                            40.409191,
                            0
                        ],
                        [
                            116.723427,
                            40.405316,
                            0
                        ],
                        [
                            116.718512,
                            40.402055,
                            0
                        ],
                        [
                            116.713242,
                            40.40157,
                            0
                        ],
                        [
                            116.713849,
                            40.395806,
                            0
                        ],
                        [
                            116.711716,
                            40.386908,
                            0
                        ],
                        [
                            116.716254,
                            40.384114,
                            0
                        ],
                        [
                            116.707115,
                            40.377007,
                            0
                        ],
                        [
                            116.706509,
                            40.373809,
                            0
                        ],
                        [
                            116.714079,
                            40.368608,
                            0
                        ],
                        [
                            116.719872,
                            40.369044,
                            0
                        ],
                        [
                            116.718094,
                            40.361338,
                            0
                        ],
                        [
                            116.726773,
                            40.361193,
                            0
                        ],
                        [
                            116.725769,
                            40.355619,
                            0
                        ],
                        [
                            116.729031,
                            40.355619,
                            0
                        ],
                        [
                            116.727484,
                            40.346522,
                            0
                        ],
                        [
                            116.723887,
                            40.344033,
                            0
                        ],
                        [
                            116.722967,
                            40.339152,
                            0
                        ],
                        [
                            116.731185,
                            40.339023,
                            0
                        ],
                        [
                            116.73129,
                            40.335031,
                            0
                        ],
                        [
                            116.744046,
                            40.339136,
                            0
                        ],
                        [
                            116.744653,
                            40.333706,
                            0
                        ],
                        [
                            116.751491,
                            40.335742,
                            0
                        ],
                        [
                            116.758559,
                            40.333884,
                            0
                        ],
                        [
                            116.759689,
                            40.326853,
                            0
                        ],
                        [
                            116.762846,
                            40.326707,
                            0
                        ],
                        [
                            116.768639,
                            40.317816,
                            0
                        ],
                        [
                            116.773324,
                            40.315973,
                            0
                        ],
                        [
                            116.762888,
                            40.310428,
                            0
                        ],
                        [
                            116.756845,
                            40.302586,
                            0
                        ],
                        [
                            116.754461,
                            40.303686,
                            0
                        ],
                        [
                            116.738965,
                            40.284101,
                            0
                        ],
                        [
                            116.741098,
                            40.283001,
                            0
                        ],
                        [
                            116.738337,
                            40.278764,
                            0
                        ],
                        [
                            116.74298,
                            40.279087,
                            0
                        ],
                        [
                            116.752788,
                            40.275512,
                            0
                        ],
                        [
                            116.762658,
                            40.269058,
                            0
                        ],
                        [
                            116.768597,
                            40.270109,
                            0
                        ],
                        [
                            116.771651,
                            40.266501,
                            0
                        ],
                        [
                            116.773512,
                            40.269527,
                            0
                        ],
                        [
                            116.782964,
                            40.273248,
                            0
                        ],
                        [
                            116.784073,
                            40.279443,
                            0
                        ],
                        [
                            116.787795,
                            40.281449,
                            0
                        ],
                        [
                            116.788025,
                            40.289439,
                            0
                        ],
                        [
                            116.794487,
                            40.287417,
                            0
                        ],
                        [
                            116.800572,
                            40.289196,
                            0
                        ],
                        [
                            116.809607,
                            40.28601,
                            0
                        ],
                        [
                            116.811823,
                            40.282387,
                            0
                        ],
                        [
                            116.825123,
                            40.285347,
                            0
                        ],
                        [
                            116.82458,
                            40.290991,
                            0
                        ],
                        [
                            116.827215,
                            40.298333,
                            0
                        ],
                        [
                            116.830101,
                            40.299206,
                            0
                        ],
                        [
                            116.828992,
                            40.304413,
                            0
                        ],
                        [
                            116.838382,
                            40.310185,
                            0
                        ],
                        [
                            116.848984,
                            40.311204,
                            0
                        ],
                        [
                            116.854547,
                            40.303152,
                            0
                        ],
                        [
                            116.857182,
                            40.2929,
                            0
                        ],
                        [
                            116.859462,
                            40.290878,
                            0
                        ],
                        [
                            116.871319,
                            40.290943,
                            0
                        ],
                        [
                            116.871737,
                            40.281481,
                            0
                        ],
                        [
                            116.876338,
                            40.274348,
                            0
                        ],
                        [
                            116.874247,
                            40.268281,
                            0
                        ],
                        [
                            116.879893,
                            40.264139,
                            0
                        ],
                        [
                            116.881273,
                            40.259221,
                            0
                        ],
                        [
                            116.886104,
                            40.255256,
                            0
                        ],
                        [
                            116.886585,
                            40.251907,
                            0
                        ],
                        [
                            116.892252,
                            40.245709,
                            0
                        ],
                        [
                            116.894343,
                            40.240028,
                            0
                        ],
                        [
                            116.901746,
                            40.23684,
                            0
                        ],
                        [
                            116.893946,
                            40.233457,
                            0
                        ],
                        [
                            116.900701,
                            40.228763,
                            0
                        ],
                        [
                            116.906598,
                            40.228682,
                            0
                        ],
                        [
                            116.908606,
                            40.222401,
                            0
                        ],
                        [
                            116.913917,
                            40.220118,
                            0
                        ],
                        [
                            116.915507,
                            40.222271,
                            0
                        ],
                        [
                            116.922031,
                            40.220134,
                            0
                        ],
                        [
                            116.92544,
                            40.225768,
                            0
                        ],
                        [
                            116.931065,
                            40.230624,
                            0
                        ],
                        [
                            116.935206,
                            40.229847,
                            0
                        ],
                        [
                            116.936837,
                            40.232259,
                            0
                        ],
                        [
                            116.945641,
                            40.233441,
                            0
                        ],
                        [
                            116.946896,
                            40.236095,
                            0
                        ],
                        [
                            116.953567,
                            40.236079,
                            0
                        ],
                        [
                            116.956286,
                            40.232615,
                            0
                        ],
                        [
                            116.959924,
                            40.23268,
                            0
                        ],
                        [
                            116.974082,
                            40.24456,
                            0
                        ],
                        [
                            116.975881,
                            40.249463,
                            0
                        ],
                        [
                            116.969293,
                            40.253962,
                            0
                        ],
                        [
                            116.961786,
                            40.252635,
                            0
                        ],
                        [
                            116.954341,
                            40.25715,
                            0
                        ],
                        [
                            116.950953,
                            40.261081,
                            0
                        ],
                        [
                            116.960468,
                            40.2704,
                            0
                        ],
                        [
                            116.961995,
                            40.273442,
                            0
                        ],
                        [
                            116.970527,
                            40.276531,
                            0
                        ],
                        [
                            116.971343,
                            40.281724,
                            0
                        ],
                        [
                            116.983765,
                            40.287886,
                            0
                        ],
                        [
                            116.991042,
                            40.287724,
                            0
                        ],
                        [
                            116.990833,
                            40.290603,
                            0
                        ],
                        [
                            116.99834,
                            40.29083,
                            0
                        ],
                        [
                            117.004091,
                            40.293918,
                            0
                        ],
                        [
                            117.002,
                            40.299675,
                            0
                        ],
                        [
                            117.011306,
                            40.307113,
                            0
                        ],
                        [
                            117.007563,
                            40.314599,
                            0
                        ],
                        [
                            117.006998,
                            40.319255,
                            0
                        ],
                        [
                            117.01024,
                            40.320726,
                            0
                        ],
                        [
                            117.012686,
                            40.32674,
                            0
                        ],
                        [
                            117.020842,
                            40.336179,
                            0
                        ],
                        [
                            117.026133,
                            40.338458,
                            0
                        ],
                        [
                            117.032762,
                            40.33752,
                            0
                        ],
                        [
                            117.039266,
                            40.340057,
                            0
                        ],
                        [
                            117.048279,
                            40.341528,
                            0
                        ],
                        [
                            117.052817,
                            40.337649,
                            0
                        ],
                        [
                            117.060931,
                            40.337795,
                            0
                        ],
                        [
                            117.066933,
                            40.342983,
                            0
                        ],
                        [
                            117.072286,
                            40.342999,
                            0
                        ],
                        [
                            117.072705,
                            40.345584,
                            0
                        ],
                        [
                            117.085231,
                            40.350432,
                            0
                        ],
                        [
                            117.0946,
                            40.358285,
                            0
                        ],
                        [
                            117.100915,
                            40.360546,
                            0
                        ],
                        [
                            117.117457,
                            40.353744,
                            0
                        ],
                        [
                            117.125362,
                            40.35641,
                            0
                        ],
                        [
                            117.128122,
                            40.358866,
                            0
                        ],
                        [
                            117.142385,
                            40.362824,
                            0
                        ],
                        [
                            117.147466,
                            40.369965,
                            0
                        ],
                        [
                            117.155329,
                            40.371402,
                            0
                        ],
                        [
                            117.157609,
                            40.374859,
                            0
                        ],
                        [
                            117.16796,
                            40.371467,
                            0
                        ],
                        [
                            117.170491,
                            40.374342,
                            0
                        ],
                        [
                            117.179943,
                            40.375021,
                            0
                        ],
                        [
                            117.185799,
                            40.377767,
                            0
                        ],
                        [
                            117.199747,
                            40.375861,
                            0
                        ],
                        [
                            117.204536,
                            40.373082,
                            0
                        ],
                        [
                            117.211124,
                            40.373825,
                            0
                        ],
                        [
                            117.218527,
                            40.377718,
                            0
                        ],
                        [
                            117.223901,
                            40.375538,
                            0
                        ]
                    ]
                ]
            },
            "properties": {
                "name": "密云区",
                "_color": "#26ad2f",
                "center": [
                    117.01631494103773,
                    40.51866012264153,
                    0
                ]
            }
        },
        {
            "type": "Feature",
            "geometry": {
                "type": "Polygon",
                "coordinates": [
                    [
                        [
                            116.961932,
                            40.051358,
                            0
                        ],
                        [
                            116.964902,
                            40.047836,
                            0
                        ],
                        [
                            116.969293,
                            40.048583,
                            0
                        ],
                        [
                            116.972095,
                            40.036977,
                            0
                        ],
                        [
                            116.985626,
                            40.038828,
                            0
                        ],
                        [
                            116.991837,
                            40.036896,
                            0
                        ],
                        [
                            117.00016,
                            40.032253,
                            0
                        ],
                        [
                            117.000683,
                            40.029915,
                            0
                        ],
                        [
                            117.011369,
                            40.031246,
                            0
                        ],
                        [
                            117.018061,
                            40.030467,
                            0
                        ],
                        [
                            117.020884,
                            40.032448,
                            0
                        ],
                        [
                            117.024836,
                            40.03011,
                            0
                        ],
                        [
                            117.023916,
                            40.033746,
                            0
                        ],
                        [
                            117.028517,
                            40.033957,
                            0
                        ],
                        [
                            117.027032,
                            40.038828,
                            0
                        ],
                        [
                            117.033159,
                            40.04235,
                            0
                        ],
                        [
                            117.038639,
                            40.049378,
                            0
                        ],
                        [
                            117.051437,
                            40.051163,
                            0
                        ],
                        [
                            117.053382,
                            40.052884,
                            0
                        ],
                        [
                            117.052022,
                            40.059375,
                            0
                        ],
                        [
                            117.061182,
                            40.060105,
                            0
                        ],
                        [
                            117.064382,
                            40.062783,
                            0
                        ],
                        [
                            117.070634,
                            40.064179,
                            0
                        ],
                        [
                            117.069652,
                            40.06757,
                            0
                        ],
                        [
                            117.081049,
                            40.068819,
                            0
                        ],
                        [
                            117.080986,
                            40.065087,
                            0
                        ],
                        [
                            117.085064,
                            40.068592,
                            0
                        ],
                        [
                            117.085608,
                            40.075131,
                            0
                        ],
                        [
                            117.103927,
                            40.075585,
                            0
                        ],
                        [
                            117.107775,
                            40.071805,
                            0
                        ],
                        [
                            117.119507,
                            40.072421,
                            0
                        ],
                        [
                            117.128896,
                            40.06546,
                            0
                        ],
                        [
                            117.139227,
                            40.064049,
                            0
                        ],
                        [
                            117.15625,
                            40.069338,
                            0
                        ],
                        [
                            117.160139,
                            40.075553,
                            0
                        ],
                        [
                            117.158466,
                            40.077435,
                            0
                        ],
                        [
                            117.172227,
                            40.074157,
                            0
                        ],
                        [
                            117.175593,
                            40.071642,
                            0
                        ],
                        [
                            117.183603,
                            40.072081,
                            0
                        ],
                        [
                            117.186426,
                            40.076202,
                            0
                        ],
                        [
                            117.181533,
                            40.080095,
                            0
                        ],
                        [
                            117.18538,
                            40.083875,
                            0
                        ],
                        [
                            117.189207,
                            40.082853,
                            0
                        ],
                        [
                            117.191842,
                            40.072973,
                            0
                        ],
                        [
                            117.198576,
                            40.070101,
                            0
                        ],
                        [
                            117.197572,
                            40.067748,
                            0
                        ],
                        [
                            117.205247,
                            40.07028,
                            0
                        ],
                        [
                            117.208175,
                            40.076834,
                            0
                        ],
                        [
                            117.203616,
                            40.076704,
                            0
                        ],
                        [
                            117.204285,
                            40.079657,
                            0
                        ],
                        [
                            117.213989,
                            40.086243,
                            0
                        ],
                        [
                            117.21104,
                            40.090785,
                            0
                        ],
                        [
                            117.211249,
                            40.096608,
                            0
                        ],
                        [
                            117.224487,
                            40.094662,
                            0
                        ],
                        [
                            117.224403,
                            40.098619,
                            0
                        ],
                        [
                            117.228606,
                            40.100257,
                            0
                        ],
                        [
                            117.229025,
                            40.103533,
                            0
                        ],
                        [
                            117.236009,
                            40.108382,
                            0
                        ],
                        [
                            117.238226,
                            40.111755,
                            0
                        ],
                        [
                            117.245357,
                            40.113215,
                            0
                        ],
                        [
                            117.249268,
                            40.116474,
                            0
                        ],
                        [
                            117.255541,
                            40.113279,
                            0
                        ],
                        [
                            117.260393,
                            40.114155,
                            0
                        ],
                        [
                            117.266834,
                            40.112177,
                            0
                        ],
                        [
                            117.269908,
                            40.107198,
                            0
                        ],
                        [
                            117.274362,
                            40.105804,
                            0
                        ],
                        [
                            117.276663,
                            40.109307,
                            0
                        ],
                        [
                            117.275659,
                            40.113636,
                            0
                        ],
                        [
                            117.285425,
                            40.121322,
                            0
                        ],
                        [
                            117.297094,
                            40.118857,
                            0
                        ],
                        [
                            117.297073,
                            40.121273,
                            0
                        ],
                        [
                            117.302991,
                            40.125926,
                            0
                        ],
                        [
                            117.307613,
                            40.136982,
                            0
                        ],
                        [
                            117.313761,
                            40.139964,
                            0
                        ],
                        [
                            117.318571,
                            40.138522,
                            0
                        ],
                        [
                            117.323276,
                            40.14071,
                            0
                        ],
                        [
                            117.33093,
                            40.13575,
                            0
                        ],
                        [
                            117.330617,
                            40.133691,
                            0
                        ],
                        [
                            117.349082,
                            40.136528,
                            0
                        ],
                        [
                            117.351404,
                            40.139932,
                            0
                        ],
                        [
                            117.35636,
                            40.140904,
                            0
                        ],
                        [
                            117.356883,
                            40.145037,
                            0
                        ],
                        [
                            117.350525,
                            40.144827,
                            0
                        ],
                        [
                            117.355272,
                            40.148587,
                            0
                        ],
                        [
                            117.351717,
                            40.150564,
                            0
                        ],
                        [
                            117.360626,
                            40.156965,
                            0
                        ],
                        [
                            117.357343,
                            40.164273,
                            0
                        ],
                        [
                            117.351111,
                            40.171661,
                            0
                        ],
                        [
                            117.353746,
                            40.17367,
                            0
                        ],
                        [
                            117.359413,
                            40.173346,
                            0
                        ],
                        [
                            117.364014,
                            40.176683,
                            0
                        ],
                        [
                            117.368844,
                            40.17299,
                            0
                        ],
                        [
                            117.372023,
                            40.176538,
                            0
                        ],
                        [
                            117.377021,
                            40.176327,
                            0
                        ],
                        [
                            117.381225,
                            40.172455,
                            0
                        ],
                        [
                            117.380597,
                            40.17691,
                            0
                        ],
                        [
                            117.393186,
                            40.174901,
                            0
                        ],
                        [
                            117.391618,
                            40.177607,
                            0
                        ],
                        [
                            117.401217,
                            40.183617,
                            0
                        ],
                        [
                            117.404751,
                            40.183244,
                            0
                        ],
                        [
                            117.4077,
                            40.187504,
                            0
                        ],
                        [
                            117.397704,
                            40.192914,
                            0
                        ],
                        [
                            117.388356,
                            40.188249,
                            0
                        ],
                        [
                            117.38409,
                            40.187828,
                            0
                        ],
                        [
                            117.384382,
                            40.195278,
                            0
                        ],
                        [
                            117.381455,
                            40.194906,
                            0
                        ],
                        [
                            117.379552,
                            40.201319,
                            0
                        ],
                        [
                            117.393145,
                            40.203376,
                            0
                        ],
                        [
                            117.385679,
                            40.207894,
                            0
                        ],
                        [
                            117.378443,
                            40.21029,
                            0
                        ],
                        [
                            117.377586,
                            40.218612,
                            0
                        ],
                        [
                            117.39373,
                            40.221656,
                            0
                        ],
                        [
                            117.390029,
                            40.227969,
                            0
                        ],
                        [
                            117.386829,
                            40.227111,
                            0
                        ],
                        [
                            117.373989,
                            40.232777,
                            0
                        ],
                        [
                            117.36027,
                            40.23255,
                            0
                        ],
                        [
                            117.355691,
                            40.229556,
                            0
                        ],
                        [
                            117.351613,
                            40.229459,
                            0
                        ],
                        [
                            117.348246,
                            40.234574,
                            0
                        ],
                        [
                            117.345464,
                            40.234946,
                            0
                        ],
                        [
                            117.343457,
                            40.242909,
                            0
                        ],
                        [
                            117.339881,
                            40.246194,
                            0
                        ],
                        [
                            117.342202,
                            40.256502,
                            0
                        ],
                        [
                            117.337622,
                            40.263266,
                            0
                        ],
                        [
                            117.337999,
                            40.265903,
                            0
                        ],
                        [
                            117.334005,
                            40.285654,
                            0
                        ],
                        [
                            117.331244,
                            40.289665,
                            0
                        ],
                        [
                            117.32336,
                            40.284441,
                            0
                        ],
                        [
                            117.316794,
                            40.285104,
                            0
                        ],
                        [
                            117.316835,
                            40.281999,
                            0
                        ],
                        [
                            117.304309,
                            40.278181,
                            0
                        ],
                        [
                            117.29632,
                            40.2781,
                            0
                        ],
                        [
                            117.292368,
                            40.286236,
                            0
                        ],
                        [
                            117.294647,
                            40.290894,
                            0
                        ],
                        [
                            117.293309,
                            40.296748,
                            0
                        ],
                        [
                            117.285739,
                            40.302214,
                            0
                        ],
                        [
                            117.274342,
                            40.308552,
                            0
                        ],
                        [
                            117.274697,
                            40.314405,
                            0
                        ],
                        [
                            117.271853,
                            40.319853,
                            0
                        ],
                        [
                            117.271288,
                            40.325285,
                            0
                        ],
                        [
                            117.274969,
                            40.331944,
                            0
                        ],
                        [
                            117.267127,
                            40.335694,
                            0
                        ],
                        [
                            117.259828,
                            40.336195,
                            0
                        ],
                        [
                            117.261125,
                            40.338781,
                            0
                        ],
                        [
                            117.257089,
                            40.341463,
                            0
                        ],
                        [
                            117.25437,
                            40.351191,
                            0
                        ],
                        [
                            117.254182,
                            40.357105,
                            0
                        ],
                        [
                            117.250188,
                            40.358381,
                            0
                        ],
                        [
                            117.247762,
                            40.364101,
                            0
                        ],
                        [
                            117.242283,
                            40.369981,
                            0
                        ],
                        [
                            117.237055,
                            40.370627,
                            0
                        ],
                        [
                            117.22618,
                            40.369044,
                            0
                        ],
                        [
                            117.223901,
                            40.375538,
                            0
                        ],
                        [
                            117.218527,
                            40.377718,
                            0
                        ],
                        [
                            117.211124,
                            40.373825,
                            0
                        ],
                        [
                            117.204536,
                            40.373082,
                            0
                        ],
                        [
                            117.199747,
                            40.375861,
                            0
                        ],
                        [
                            117.185799,
                            40.377767,
                            0
                        ],
                        [
                            117.179943,
                            40.375021,
                            0
                        ],
                        [
                            117.170491,
                            40.374342,
                            0
                        ],
                        [
                            117.16796,
                            40.371467,
                            0
                        ],
                        [
                            117.157609,
                            40.374859,
                            0
                        ],
                        [
                            117.155329,
                            40.371402,
                            0
                        ],
                        [
                            117.147466,
                            40.369965,
                            0
                        ],
                        [
                            117.142385,
                            40.362824,
                            0
                        ],
                        [
                            117.128122,
                            40.358866,
                            0
                        ],
                        [
                            117.125362,
                            40.35641,
                            0
                        ],
                        [
                            117.117457,
                            40.353744,
                            0
                        ],
                        [
                            117.100915,
                            40.360546,
                            0
                        ],
                        [
                            117.0946,
                            40.358285,
                            0
                        ],
                        [
                            117.085231,
                            40.350432,
                            0
                        ],
                        [
                            117.072705,
                            40.345584,
                            0
                        ],
                        [
                            117.072286,
                            40.342999,
                            0
                        ],
                        [
                            117.066933,
                            40.342983,
                            0
                        ],
                        [
                            117.060931,
                            40.337795,
                            0
                        ],
                        [
                            117.052817,
                            40.337649,
                            0
                        ],
                        [
                            117.048279,
                            40.341528,
                            0
                        ],
                        [
                            117.039266,
                            40.340057,
                            0
                        ],
                        [
                            117.032762,
                            40.33752,
                            0
                        ],
                        [
                            117.026133,
                            40.338458,
                            0
                        ],
                        [
                            117.020842,
                            40.336179,
                            0
                        ],
                        [
                            117.012686,
                            40.32674,
                            0
                        ],
                        [
                            117.01024,
                            40.320726,
                            0
                        ],
                        [
                            117.006998,
                            40.319255,
                            0
                        ],
                        [
                            117.007563,
                            40.314599,
                            0
                        ],
                        [
                            117.011306,
                            40.307113,
                            0
                        ],
                        [
                            117.002,
                            40.299675,
                            0
                        ],
                        [
                            117.004091,
                            40.293918,
                            0
                        ],
                        [
                            116.99834,
                            40.29083,
                            0
                        ],
                        [
                            116.990833,
                            40.290603,
                            0
                        ],
                        [
                            116.991042,
                            40.287724,
                            0
                        ],
                        [
                            116.983765,
                            40.287886,
                            0
                        ],
                        [
                            116.971343,
                            40.281724,
                            0
                        ],
                        [
                            116.970527,
                            40.276531,
                            0
                        ],
                        [
                            116.961995,
                            40.273442,
                            0
                        ],
                        [
                            116.960468,
                            40.2704,
                            0
                        ],
                        [
                            116.950953,
                            40.261081,
                            0
                        ],
                        [
                            116.954341,
                            40.25715,
                            0
                        ],
                        [
                            116.961786,
                            40.252635,
                            0
                        ],
                        [
                            116.969293,
                            40.253962,
                            0
                        ],
                        [
                            116.975881,
                            40.249463,
                            0
                        ],
                        [
                            116.974082,
                            40.24456,
                            0
                        ],
                        [
                            116.959924,
                            40.23268,
                            0
                        ],
                        [
                            116.956286,
                            40.232615,
                            0
                        ],
                        [
                            116.953567,
                            40.236079,
                            0
                        ],
                        [
                            116.946896,
                            40.236095,
                            0
                        ],
                        [
                            116.945641,
                            40.233441,
                            0
                        ],
                        [
                            116.936837,
                            40.232259,
                            0
                        ],
                        [
                            116.935206,
                            40.229847,
                            0
                        ],
                        [
                            116.940978,
                            40.223922,
                            0
                        ],
                        [
                            116.938029,
                            40.210549,
                            0
                        ],
                        [
                            116.929685,
                            40.211585,
                            0
                        ],
                        [
                            116.930898,
                            40.207084,
                            0
                        ],
                        [
                            116.939556,
                            40.192347,
                            0
                        ],
                        [
                            116.945913,
                            40.193141,
                            0
                        ],
                        [
                            116.94997,
                            40.186354,
                            0
                        ],
                        [
                            116.945809,
                            40.186224,
                            0
                        ],
                        [
                            116.945349,
                            40.1813,
                            0
                        ],
                        [
                            116.951371,
                            40.174788,
                            0
                        ],
                        [
                            116.962037,
                            40.175549,
                            0
                        ],
                        [
                            116.961242,
                            40.171937,
                            0
                        ],
                        [
                            116.968749,
                            40.163495,
                            0
                        ],
                        [
                            116.972054,
                            40.156301,
                            0
                        ],
                        [
                            116.977763,
                            40.151374,
                            0
                        ],
                        [
                            116.970025,
                            40.140321,
                            0
                        ],
                        [
                            116.967829,
                            40.129849,
                            0
                        ],
                        [
                            116.96578,
                            40.127823,
                            0
                        ],
                        [
                            116.971594,
                            40.124224,
                            0
                        ],
                        [
                            116.969189,
                            40.118776,
                            0
                        ],
                        [
                            116.971301,
                            40.114009,
                            0
                        ],
                        [
                            116.976069,
                            40.111188,
                            0
                        ],
                        [
                            116.973329,
                            40.103712,
                            0
                        ],
                        [
                            116.967976,
                            40.101214,
                            0
                        ],
                        [
                            116.975462,
                            40.095051,
                            0
                        ],
                        [
                            116.979938,
                            40.093867,
                            0
                        ],
                        [
                            116.981862,
                            40.089828,
                            0
                        ],
                        [
                            116.981192,
                            40.08149,
                            0
                        ],
                        [
                            116.986274,
                            40.078359,
                            0
                        ],
                        [
                            116.982844,
                            40.070685,
                            0
                        ],
                        [
                            116.980816,
                            40.071188,
                            0
                        ],
                        [
                            116.978599,
                            40.064893,
                            0
                        ],
                        [
                            116.973476,
                            40.066304,
                            0
                        ],
                        [
                            116.970652,
                            40.063805,
                            0
                        ],
                        [
                            116.962288,
                            40.063529,
                            0
                        ],
                        [
                            116.961932,
                            40.051358,
                            0
                        ]
                    ]
                ]
            },
            "properties": {
                "name": "平谷区",
                "_color": "#c2f98e",
                "center": [
                    117.1578269836065,
                    40.19123585245902,
                    0
                ]
            }
        },
        {
            "type": "Feature",
            "geometry": {
                "type": "Polygon",
                "coordinates": [
                    [
                        [
                            116.167033,
                            39.888752,
                            0
                        ],
                        [
                            116.179099,
                            39.882684,
                            0
                        ],
                        [
                            116.19035,
                            39.881529,
                            0
                        ],
                        [
                            116.199426,
                            39.883286,
                            0
                        ],
                        [
                            116.20457,
                            39.879885,
                            0
                        ],
                        [
                            116.208126,
                            39.874125,
                            0
                        ],
                        [
                            116.212099,
                            39.874679,
                            0
                        ],
                        [
                            116.210907,
                            39.878079,
                            0
                        ],
                        [
                            116.219105,
                            39.876713,
                            0
                        ],
                        [
                            116.219523,
                            39.881334,
                            0
                        ],
                        [
                            116.222952,
                            39.883986,
                            0
                        ],
                        [
                            116.22772,
                            39.883839,
                            0
                        ],
                        [
                            116.227783,
                            39.889078,
                            0
                        ],
                        [
                            116.234642,
                            39.88955,
                            0
                        ],
                        [
                            116.233534,
                            39.89212,
                            0
                        ],
                        [
                            116.252899,
                            39.896382,
                            0
                        ],
                        [
                            116.259089,
                            39.896658,
                            0
                        ],
                        [
                            116.252983,
                            39.896951,
                            0
                        ],
                        [
                            116.252983,
                            39.915558,
                            0
                        ],
                        [
                            116.250975,
                            39.919834,
                            0
                        ],
                        [
                            116.237696,
                            39.918452,
                            0
                        ],
                        [
                            116.232426,
                            39.91694,
                            0
                        ],
                        [
                            116.230899,
                            39.919525,
                            0
                        ],
                        [
                            116.206787,
                            39.916663,
                            0
                        ],
                        [
                            116.207707,
                            39.9259,
                            0
                        ],
                        [
                            116.215696,
                            39.927103,
                            0
                        ],
                        [
                            116.213061,
                            39.928891,
                            0
                        ],
                        [
                            116.216198,
                            39.931233,
                            0
                        ],
                        [
                            116.213186,
                            39.933232,
                            0
                        ],
                        [
                            116.216281,
                            39.936386,
                            0
                        ],
                        [
                            116.215466,
                            39.94375,
                            0
                        ],
                        [
                            116.212831,
                            39.948952,
                            0
                        ],
                        [
                            116.20112,
                            39.961109,
                            0
                        ],
                        [
                            116.190747,
                            39.965367,
                            0
                        ],
                        [
                            116.190685,
                            39.968259,
                            0
                        ],
                        [
                            116.185812,
                            39.970274,
                            0
                        ],
                        [
                            116.18531,
                            39.977976,
                            0
                        ],
                        [
                            116.186586,
                            39.983906,
                            0
                        ],
                        [
                            116.178911,
                            39.988292,
                            0
                        ],
                        [
                            116.178012,
                            39.982216,
                            0
                        ],
                        [
                            116.171487,
                            39.977001,
                            0
                        ],
                        [
                            116.169229,
                            39.979357,
                            0
                        ],
                        [
                            116.166845,
                            39.987561,
                            0
                        ],
                        [
                            116.158124,
                            39.984133,
                            0
                        ],
                        [
                            116.156117,
                            39.989137,
                            0
                        ],
                        [
                            116.151579,
                            39.993442,
                            0
                        ],
                        [
                            116.144678,
                            39.989186,
                            0
                        ],
                        [
                            116.118934,
                            39.986115,
                            0
                        ],
                        [
                            116.113455,
                            39.981518,
                            0
                        ],
                        [
                            116.116592,
                            39.971932,
                            0
                        ],
                        [
                            116.122971,
                            39.967561,
                            0
                        ],
                        [
                            116.120712,
                            39.96119,
                            0
                        ],
                        [
                            116.115254,
                            39.957745,
                            0
                        ],
                        [
                            116.120043,
                            39.950789,
                            0
                        ],
                        [
                            116.114522,
                            39.949196,
                            0
                        ],
                        [
                            116.11195,
                            39.942921,
                            0
                        ],
                        [
                            116.119875,
                            39.932761,
                            0
                        ],
                        [
                            116.124769,
                            39.934907,
                            0
                        ],
                        [
                            116.127822,
                            39.930338,
                            0
                        ],
                        [
                            116.127341,
                            39.926615,
                            0
                        ],
                        [
                            116.13029,
                            39.924518,
                            0
                        ],
                        [
                            116.139282,
                            39.922095,
                            0
                        ],
                        [
                            116.146852,
                            39.910077,
                            0
                        ],
                        [
                            116.152792,
                            39.906629,
                            0
                        ],
                        [
                            116.153503,
                            39.900985,
                            0
                        ],
                        [
                            116.161094,
                            39.896805,
                            0
                        ],
                        [
                            116.167033,
                            39.888752,
                            0
                        ]
                    ]
                ]
            },
            "properties": {
                "name": "石景山区",
                "_color": "#01378e",
                "center": [
                    116.18329283333334,
                    39.931272151515145,
                    0
                ]
            }
        },
        {
            "type": "Feature",
            "geometry": {
                "type": "MultiPolygon",
                "coordinates": [
                    [
                        [
                            [
                                116.771755,
                                40.014474,
                                0
                            ],
                            [
                                116.777485,
                                40.027204,
                                0
                            ],
                            [
                                116.77782,
                                40.032448,
                                0
                            ],
                            [
                                116.781542,
                                40.034818,
                                0
                            ],
                            [
                                116.790221,
                                40.034477,
                                0
                            ],
                            [
                                116.789531,
                                40.032318,
                                0
                            ],
                            [
                                116.800259,
                                40.028844,
                                0
                            ],
                            [
                                116.803375,
                                40.032155,
                                0
                            ],
                            [
                                116.815295,
                                40.030905,
                                0
                            ],
                            [
                                116.82,
                                40.028357,
                                0
                            ],
                            [
                                116.820816,
                                40.038779,
                                0
                            ],
                            [
                                116.823158,
                                40.039834,
                                0
                            ],
                            [
                                116.822739,
                                40.046473,
                                0
                            ],
                            [
                                116.831732,
                                40.048485,
                                0
                            ],
                            [
                                116.831502,
                                40.051196,
                                0
                            ],
                            [
                                116.849486,
                                40.051926,
                                0
                            ],
                            [
                                116.850197,
                                40.054977,
                                0
                            ],
                            [
                                116.857809,
                                40.051894,
                                0
                            ],
                            [
                                116.867826,
                                40.041863,
                                0
                            ],
                            [
                                116.873619,
                                40.041522,
                                0
                            ],
                            [
                                116.88075,
                                40.046164,
                                0
                            ],
                            [
                                116.890265,
                                40.04597,
                                0
                            ],
                            [
                                116.90137,
                                40.047723,
                                0
                            ],
                            [
                                116.906431,
                                40.051423,
                                0
                            ],
                            [
                                116.914252,
                                40.052592,
                                0
                            ],
                            [
                                116.917974,
                                40.044704,
                                0
                            ],
                            [
                                116.924164,
                                40.047463,
                                0
                            ],
                            [
                                116.928096,
                                40.054929,
                                0
                            ],
                            [
                                116.931693,
                                40.052024,
                                0
                            ],
                            [
                                116.938824,
                                40.050887,
                                0
                            ],
                            [
                                116.937632,
                                40.046911,
                                0
                            ],
                            [
                                116.945014,
                                40.048631,
                                0
                            ],
                            [
                                116.945265,
                                40.041425,
                                0
                            ],
                            [
                                116.961932,
                                40.051358,
                                0
                            ],
                            [
                                116.962288,
                                40.063529,
                                0
                            ],
                            [
                                116.970652,
                                40.063805,
                                0
                            ],
                            [
                                116.973476,
                                40.066304,
                                0
                            ],
                            [
                                116.978599,
                                40.064893,
                                0
                            ],
                            [
                                116.980816,
                                40.071188,
                                0
                            ],
                            [
                                116.982844,
                                40.070685,
                                0
                            ],
                            [
                                116.986274,
                                40.078359,
                                0
                            ],
                            [
                                116.981192,
                                40.08149,
                                0
                            ],
                            [
                                116.981862,
                                40.089828,
                                0
                            ],
                            [
                                116.979938,
                                40.093867,
                                0
                            ],
                            [
                                116.975462,
                                40.095051,
                                0
                            ],
                            [
                                116.967976,
                                40.101214,
                                0
                            ],
                            [
                                116.973329,
                                40.103712,
                                0
                            ],
                            [
                                116.976069,
                                40.111188,
                                0
                            ],
                            [
                                116.971301,
                                40.114009,
                                0
                            ],
                            [
                                116.969189,
                                40.118776,
                                0
                            ],
                            [
                                116.971594,
                                40.124224,
                                0
                            ],
                            [
                                116.96578,
                                40.127823,
                                0
                            ],
                            [
                                116.967829,
                                40.129849,
                                0
                            ],
                            [
                                116.970025,
                                40.140321,
                                0
                            ],
                            [
                                116.977763,
                                40.151374,
                                0
                            ],
                            [
                                116.972054,
                                40.156301,
                                0
                            ],
                            [
                                116.968749,
                                40.163495,
                                0
                            ],
                            [
                                116.961242,
                                40.171937,
                                0
                            ],
                            [
                                116.962037,
                                40.175549,
                                0
                            ],
                            [
                                116.951371,
                                40.174788,
                                0
                            ],
                            [
                                116.945349,
                                40.1813,
                                0
                            ],
                            [
                                116.945809,
                                40.186224,
                                0
                            ],
                            [
                                116.94997,
                                40.186354,
                                0
                            ],
                            [
                                116.945913,
                                40.193141,
                                0
                            ],
                            [
                                116.939556,
                                40.192347,
                                0
                            ],
                            [
                                116.930898,
                                40.207084,
                                0
                            ],
                            [
                                116.929685,
                                40.211585,
                                0
                            ],
                            [
                                116.938029,
                                40.210549,
                                0
                            ],
                            [
                                116.940978,
                                40.223922,
                                0
                            ],
                            [
                                116.935206,
                                40.229847,
                                0
                            ],
                            [
                                116.931065,
                                40.230624,
                                0
                            ],
                            [
                                116.92544,
                                40.225768,
                                0
                            ],
                            [
                                116.922031,
                                40.220134,
                                0
                            ],
                            [
                                116.915507,
                                40.222271,
                                0
                            ],
                            [
                                116.913917,
                                40.220118,
                                0
                            ],
                            [
                                116.908606,
                                40.222401,
                                0
                            ],
                            [
                                116.906598,
                                40.228682,
                                0
                            ],
                            [
                                116.900701,
                                40.228763,
                                0
                            ],
                            [
                                116.893946,
                                40.233457,
                                0
                            ],
                            [
                                116.901746,
                                40.23684,
                                0
                            ],
                            [
                                116.894343,
                                40.240028,
                                0
                            ],
                            [
                                116.892252,
                                40.245709,
                                0
                            ],
                            [
                                116.886585,
                                40.251907,
                                0
                            ],
                            [
                                116.886104,
                                40.255256,
                                0
                            ],
                            [
                                116.881273,
                                40.259221,
                                0
                            ],
                            [
                                116.879893,
                                40.264139,
                                0
                            ],
                            [
                                116.874247,
                                40.268281,
                                0
                            ],
                            [
                                116.876338,
                                40.274348,
                                0
                            ],
                            [
                                116.871737,
                                40.281481,
                                0
                            ],
                            [
                                116.871319,
                                40.290943,
                                0
                            ],
                            [
                                116.859462,
                                40.290878,
                                0
                            ],
                            [
                                116.857182,
                                40.2929,
                                0
                            ],
                            [
                                116.854547,
                                40.303152,
                                0
                            ],
                            [
                                116.848984,
                                40.311204,
                                0
                            ],
                            [
                                116.838382,
                                40.310185,
                                0
                            ],
                            [
                                116.828992,
                                40.304413,
                                0
                            ],
                            [
                                116.830101,
                                40.299206,
                                0
                            ],
                            [
                                116.827215,
                                40.298333,
                                0
                            ],
                            [
                                116.82458,
                                40.290991,
                                0
                            ],
                            [
                                116.825123,
                                40.285347,
                                0
                            ],
                            [
                                116.811823,
                                40.282387,
                                0
                            ],
                            [
                                116.809607,
                                40.28601,
                                0
                            ],
                            [
                                116.800572,
                                40.289196,
                                0
                            ],
                            [
                                116.794487,
                                40.287417,
                                0
                            ],
                            [
                                116.788025,
                                40.289439,
                                0
                            ],
                            [
                                116.787795,
                                40.281449,
                                0
                            ],
                            [
                                116.784073,
                                40.279443,
                                0
                            ],
                            [
                                116.782964,
                                40.273248,
                                0
                            ],
                            [
                                116.773512,
                                40.269527,
                                0
                            ],
                            [
                                116.771651,
                                40.266501,
                                0
                            ],
                            [
                                116.768597,
                                40.270109,
                                0
                            ],
                            [
                                116.762658,
                                40.269058,
                                0
                            ],
                            [
                                116.752788,
                                40.275512,
                                0
                            ],
                            [
                                116.74298,
                                40.279087,
                                0
                            ],
                            [
                                116.738337,
                                40.278764,
                                0
                            ],
                            [
                                116.741098,
                                40.283001,
                                0
                            ],
                            [
                                116.738965,
                                40.284101,
                                0
                            ],
                            [
                                116.738421,
                                40.284392,
                                0
                            ],
                            [
                                116.710837,
                                40.256227,
                                0
                            ],
                            [
                                116.704668,
                                40.257101,
                                0
                            ],
                            [
                                116.704585,
                                40.251551,
                                0
                            ],
                            [
                                116.696554,
                                40.248072,
                                0
                            ],
                            [
                                116.697265,
                                40.243216,
                                0
                            ],
                            [
                                116.69072,
                                40.240886,
                                0
                            ],
                            [
                                116.684007,
                                40.234282,
                                0
                            ],
                            [
                                116.678131,
                                40.234379,
                                0
                            ],
                            [
                                116.676311,
                                40.238604,
                                0
                            ],
                            [
                                116.670247,
                                40.234865,
                                0
                            ],
                            [
                                116.668783,
                                40.238539,
                                0
                            ],
                            [
                                116.673321,
                                40.246777,
                                0
                            ],
                            [
                                116.669494,
                                40.253153,
                                0
                            ],
                            [
                                116.666901,
                                40.262085,
                                0
                            ],
                            [
                                116.648519,
                                40.260143,
                                0
                            ],
                            [
                                116.643081,
                                40.25715,
                                0
                            ],
                            [
                                116.641492,
                                40.259463,
                                0
                            ],
                            [
                                116.637038,
                                40.25846,
                                0
                            ],
                            [
                                116.63526,
                                40.261454,
                                0
                            ],
                            [
                                116.623654,
                                40.26058,
                                0
                            ],
                            [
                                116.6238,
                                40.252667,
                                0
                            ],
                            [
                                116.622044,
                                40.250467,
                                0
                            ],
                            [
                                116.61324,
                                40.251761,
                                0
                            ],
                            [
                                116.603787,
                                40.251324,
                                0
                            ],
                            [
                                116.604624,
                                40.256146,
                                0
                            ],
                            [
                                116.600755,
                                40.258978,
                                0
                            ],
                            [
                                116.599647,
                                40.265385,
                                0
                            ],
                            [
                                116.590842,
                                40.264139,
                                0
                            ],
                            [
                                116.588396,
                                40.269462,
                                0
                            ],
                            [
                                116.585238,
                                40.266226,
                                0
                            ],
                            [
                                116.58254,
                                40.268362,
                                0
                            ],
                            [
                                116.570202,
                                40.268863,
                                0
                            ],
                            [
                                116.570516,
                                40.273102,
                                0
                            ],
                            [
                                116.565371,
                                40.273377,
                                0
                            ],
                            [
                                116.566187,
                                40.27802,
                                0
                            ],
                            [
                                116.552176,
                                40.27383,
                                0
                            ],
                            [
                                116.546236,
                                40.276224,
                                0
                            ],
                            [
                                116.540904,
                                40.274946,
                                0
                            ],
                            [
                                116.53693,
                                40.277178,
                                0
                            ],
                            [
                                116.540088,
                                40.267165,
                                0
                            ],
                            [
                                116.535717,
                                40.261373,
                                0
                            ],
                            [
                                116.526181,
                                40.261324,
                                0
                            ],
                            [
                                116.523965,
                                40.257522,
                                0
                            ],
                            [
                                116.509201,
                                40.258056,
                                0
                            ],
                            [
                                116.505959,
                                40.261356,
                                0
                            ],
                            [
                                116.503011,
                                40.25969,
                                0
                            ],
                            [
                                116.501024,
                                40.251599,
                                0
                            ],
                            [
                                116.493705,
                                40.251179,
                                0
                            ],
                            [
                                116.482098,
                                40.245385,
                                0
                            ],
                            [
                                116.481094,
                                40.238248,
                                0
                            ],
                            [
                                116.483771,
                                40.225185,
                                0
                            ],
                            [
                                116.477979,
                                40.225201,
                                0
                            ],
                            [
                                116.473712,
                                40.221203,
                                0
                            ],
                            [
                                116.472249,
                                40.205092,
                                0
                            ],
                            [
                                116.484503,
                                40.196493,
                                0
                            ],
                            [
                                116.488016,
                                40.191796,
                                0
                            ],
                            [
                                116.487975,
                                40.184686,
                                0
                            ],
                            [
                                116.490129,
                                40.181316,
                                0
                            ],
                            [
                                116.485151,
                                40.176764,
                                0
                            ],
                            [
                                116.483332,
                                40.171742,
                                0
                            ],
                            [
                                116.480802,
                                40.171937,
                                0
                            ],
                            [
                                116.476912,
                                40.163576,
                                0
                            ],
                            [
                                116.477916,
                                40.159979,
                                0
                            ],
                            [
                                116.484629,
                                40.160465,
                                0
                            ],
                            [
                                116.492303,
                                40.156981,
                                0
                            ],
                            [
                                116.490777,
                                40.148992,
                                0
                            ],
                            [
                                116.480781,
                                40.14742,
                                0
                            ],
                            [
                                116.482307,
                                40.140629,
                                0
                            ],
                            [
                                116.484754,
                                40.140078,
                                0
                            ],
                            [
                                116.487222,
                                40.124678,
                                0
                            ],
                            [
                                116.492199,
                                40.111561,
                                0
                            ],
                            [
                                116.489292,
                                40.101668,
                                0
                            ],
                            [
                                116.480885,
                                40.096965,
                                0
                            ],
                            [
                                116.473357,
                                40.097516,
                                0
                            ],
                            [
                                116.466498,
                                40.094954,
                                0
                            ],
                            [
                                116.466832,
                                40.090185,
                                0
                            ],
                            [
                                116.471015,
                                40.08939,
                                0
                            ],
                            [
                                116.473545,
                                40.085562,
                                0
                            ],
                            [
                                116.482935,
                                40.083745,
                                0
                            ],
                            [
                                116.486657,
                                40.081036,
                                0
                            ],
                            [
                                116.49933,
                                40.080387,
                                0
                            ],
                            [
                                116.506775,
                                40.074352,
                                0
                            ],
                            [
                                116.513948,
                                40.070426,
                                0
                            ],
                            [
                                116.525993,
                                40.071334,
                                0
                            ],
                            [
                                116.534379,
                                40.066791,
                                0
                            ],
                            [
                                116.543183,
                                40.059408,
                                0
                            ],
                            [
                                116.547784,
                                40.062718,
                                0
                            ],
                            [
                                116.551757,
                                40.059765,
                                0
                            ],
                            [
                                116.578149,
                                40.076461,
                                0
                            ],
                            [
                                116.574322,
                                40.096138,
                                0
                            ],
                            [
                                116.574071,
                                40.107815,
                                0
                            ],
                            [
                                116.578316,
                                40.102739,
                                0
                            ],
                            [
                                116.580365,
                                40.088352,
                                0
                            ],
                            [
                                116.595903,
                                40.090218,
                                0
                            ],
                            [
                                116.598705,
                                40.09351,
                                0
                            ],
                            [
                                116.598392,
                                40.103874,
                                0
                            ],
                            [
                                116.602909,
                                40.093883,
                                0
                            ],
                            [
                                116.603473,
                                40.086811,
                                0
                            ],
                            [
                                116.608409,
                                40.054912,
                                0
                            ],
                            [
                                116.603683,
                                40.052949,
                                0
                            ],
                            [
                                116.610061,
                                40.031214,
                                0
                            ],
                            [
                                116.614055,
                                40.03175,
                                0
                            ],
                            [
                                116.614139,
                                40.028178,
                                0
                            ],
                            [
                                116.619388,
                                40.026733,
                                0
                            ],
                            [
                                116.620099,
                                40.022512,
                                0
                            ],
                            [
                                116.624239,
                                40.023664,
                                0
                            ],
                            [
                                116.627063,
                                40.021505,
                                0
                            ],
                            [
                                116.633504,
                                40.023664,
                                0
                            ],
                            [
                                116.636159,
                                40.019703,
                                0
                            ],
                            [
                                116.651195,
                                40.025759,
                                0
                            ],
                            [
                                116.651676,
                                40.021911,
                                0
                            ],
                            [
                                116.655629,
                                40.018566,
                                0
                            ],
                            [
                                116.660125,
                                40.021651,
                                0
                            ],
                            [
                                116.664705,
                                40.019037,
                                0
                            ],
                            [
                                116.668615,
                                40.013938,
                                0
                            ],
                            [
                                116.678465,
                                40.015058,
                                0
                            ],
                            [
                                116.683777,
                                40.014458,
                                0
                            ],
                            [
                                116.686286,
                                40.00827,
                                0
                            ],
                            [
                                116.688378,
                                40.00918,
                                0
                            ],
                            [
                                116.685575,
                                40.016569,
                                0
                            ],
                            [
                                116.697244,
                                40.016098,
                                0
                            ],
                            [
                                116.703936,
                                40.020141,
                                0
                            ],
                            [
                                116.708621,
                                40.026587,
                                0
                            ],
                            [
                                116.716337,
                                40.023762,
                                0
                            ],
                            [
                                116.717383,
                                40.019605,
                                0
                            ],
                            [
                                116.719725,
                                40.022512,
                                0
                            ],
                            [
                                116.724221,
                                40.021278,
                                0
                            ],
                            [
                                116.724828,
                                40.024265,
                                0
                            ],
                            [
                                116.732043,
                                40.022219,
                                0
                            ],
                            [
                                116.732335,
                                40.025109,
                                0
                            ],
                            [
                                116.737145,
                                40.02761,
                                0
                            ],
                            [
                                116.747058,
                                40.025385,
                                0
                            ],
                            [
                                116.747037,
                                40.021976,
                                0
                            ],
                            [
                                116.751763,
                                40.019962,
                                0
                            ],
                            [
                                116.75329,
                                40.015919,
                                0
                            ],
                            [
                                116.764791,
                                40.016049,
                                0
                            ],
                            [
                                116.771755,
                                40.014474,
                                0
                            ]
                        ]
                    ],
                    [
                        [
                            [
                                116.578149,
                                40.076461,
                                0
                            ],
                            [
                                116.551757,
                                40.059765,
                                0
                            ],
                            [
                                116.552761,
                                40.05488,
                                0
                            ],
                            [
                                116.54655,
                                40.048956,
                                0
                            ],
                            [
                                116.550753,
                                40.045499,
                                0
                            ],
                            [
                                116.564242,
                                40.039655,
                                0
                            ],
                            [
                                116.570474,
                                40.032431,
                                0
                            ],
                            [
                                116.578797,
                                40.033097,
                                0
                            ],
                            [
                                116.577814,
                                40.027512,
                                0
                            ],
                            [
                                116.595548,
                                40.01751,
                                0
                            ],
                            [
                                116.600839,
                                40.018858,
                                0
                            ],
                            [
                                116.602762,
                                40.028503,
                                0
                            ],
                            [
                                116.610061,
                                40.031214,
                                0
                            ],
                            [
                                116.603683,
                                40.052949,
                                0
                            ],
                            [
                                116.598517,
                                40.052543,
                                0
                            ],
                            [
                                116.601633,
                                40.047658,
                                0
                            ],
                            [
                                116.599417,
                                40.047171,
                                0
                            ],
                            [
                                116.599814,
                                40.041408,
                                0
                            ],
                            [
                                116.591993,
                                40.043129,
                                0
                            ],
                            [
                                116.591198,
                                40.051796,
                                0
                            ],
                            [
                                116.587957,
                                40.05053,
                                0
                            ],
                            [
                                116.590131,
                                40.056162,
                                0
                            ],
                            [
                                116.586597,
                                40.074336,
                                0
                            ],
                            [
                                116.58139,
                                40.073817,
                                0
                            ],
                            [
                                116.581411,
                                40.067846,
                                0
                            ],
                            [
                                116.578149,
                                40.076461,
                                0
                            ]
                        ]
                    ]
                ]
            },
            "properties": {
                "name": "顺义区",
                "_color": "#0da521",
                "center": [
                    116.65543421,
                    40.10010455070868,
                    0
                ]
            }
        },
        {
            "type": "Feature",
            "geometry": {
                "type": "Polygon",
                "coordinates": [
                    [
                        [
                            116.725518,
                            39.624075,
                            0
                        ],
                        [
                            116.730202,
                            39.622932,
                            0
                        ],
                        [
                            116.730516,
                            39.619143,
                            0
                        ],
                        [
                            116.737877,
                            39.61537,
                            0
                        ],
                        [
                            116.744004,
                            39.616824,
                            0
                        ],
                        [
                            116.748689,
                            39.619943,
                            0
                        ],
                        [
                            116.762616,
                            39.613819,
                            0
                        ],
                        [
                            116.774202,
                            39.605439,
                            0
                        ],
                        [
                            116.774892,
                            39.599166,
                            0
                        ],
                        [
                            116.778196,
                            39.593382,
                            0
                        ],
                        [
                            116.785055,
                            39.593497,
                            0
                        ],
                        [
                            116.785474,
                            39.596209,
                            0
                        ],
                        [
                            116.790702,
                            39.596045,
                            0
                        ],
                        [
                            116.789384,
                            39.602596,
                            0
                        ],
                        [
                            116.792835,
                            39.602155,
                            0
                        ],
                        [
                            116.790012,
                            39.610535,
                            0
                        ],
                        [
                            116.802078,
                            39.6123,
                            0
                        ],
                        [
                            116.809711,
                            39.614521,
                            0
                        ],
                        [
                            116.81954,
                            39.618996,
                            0
                        ],
                        [
                            116.823994,
                            39.617183,
                            0
                        ],
                        [
                            116.82504,
                            39.613884,
                            0
                        ],
                        [
                            116.835391,
                            39.617004,
                            0
                        ],
                        [
                            116.834116,
                            39.621495,
                            0
                        ],
                        [
                            116.838445,
                            39.62223,
                            0
                        ],
                        [
                            116.826357,
                            39.633122,
                            0
                        ],
                        [
                            116.82893,
                            39.635163,
                            0
                        ],
                        [
                            116.826901,
                            39.638217,
                            0
                        ],
                        [
                            116.834555,
                            39.641841,
                            0
                        ],
                        [
                            116.833572,
                            39.644127,
                            0
                        ],
                        [
                            116.840766,
                            39.644241,
                            0
                        ],
                        [
                            116.839135,
                            39.647523,
                            0
                        ],
                        [
                            116.85141,
                            39.652845,
                            0
                        ],
                        [
                            116.849946,
                            39.667552,
                            0
                        ],
                        [
                            116.860486,
                            39.667258,
                            0
                        ],
                        [
                            116.863979,
                            39.670391,
                            0
                        ],
                        [
                            116.87318,
                            39.671387,
                            0
                        ],
                        [
                            116.883239,
                            39.675352,
                            0
                        ],
                        [
                            116.891144,
                            39.67408,
                            0
                        ],
                        [
                            116.906661,
                            39.677425,
                            0
                        ],
                        [
                            116.905197,
                            39.681651,
                            0
                        ],
                        [
                            116.909024,
                            39.682859,
                            0
                        ],
                        [
                            116.902896,
                            39.690576,
                            0
                        ],
                        [
                            116.88991,
                            39.687656,
                            0
                        ],
                        [
                            116.887819,
                            39.690952,
                            0
                        ],
                        [
                            116.89336,
                            39.693187,
                            0
                        ],
                        [
                            116.893841,
                            39.695879,
                            0
                        ],
                        [
                            116.886376,
                            39.707004,
                            0
                        ],
                        [
                            116.887108,
                            39.714311,
                            0
                        ],
                        [
                            116.8828,
                            39.71847,
                            0
                        ],
                        [
                            116.887589,
                            39.725515,
                            0
                        ],
                        [
                            116.89976,
                            39.726168,
                            0
                        ],
                        [
                            116.90229,
                            39.729413,
                            0
                        ],
                        [
                            116.911533,
                            39.731516,
                            0
                        ],
                        [
                            116.916678,
                            39.731353,
                            0
                        ],
                        [
                            116.916364,
                            39.73587,
                            0
                        ],
                        [
                            116.912934,
                            39.73569,
                            0
                        ],
                        [
                            116.910718,
                            39.740989,
                            0
                        ],
                        [
                            116.914461,
                            39.741755,
                            0
                        ],
                        [
                            116.913185,
                            39.745962,
                            0
                        ],
                        [
                            116.907163,
                            39.75597,
                            0
                        ],
                        [
                            116.901558,
                            39.755204,
                            0
                        ],
                        [
                            116.901809,
                            39.763615,
                            0
                        ],
                        [
                            116.908292,
                            39.766711,
                            0
                        ],
                        [
                            116.910613,
                            39.762278,
                            0
                        ],
                        [
                            116.920902,
                            39.769107,
                            0
                        ],
                        [
                            116.91649,
                            39.775935,
                            0
                        ],
                        [
                            116.921718,
                            39.780628,
                            0
                        ],
                        [
                            116.933784,
                            39.781801,
                            0
                        ],
                        [
                            116.939284,
                            39.781361,
                            0
                        ],
                        [
                            116.945788,
                            39.777369,
                            0
                        ],
                        [
                            116.94974,
                            39.778542,
                            0
                        ],
                        [
                            116.948004,
                            39.785369,
                            0
                        ],
                        [
                            116.953797,
                            39.78607,
                            0
                        ],
                        [
                            116.950828,
                            39.791528,
                            0
                        ],
                        [
                            116.938301,
                            39.793124,
                            0
                        ],
                        [
                            116.934809,
                            39.801139,
                            0
                        ],
                        [
                            116.942881,
                            39.801677,
                            0
                        ],
                        [
                            116.92979,
                            39.811368,
                            0
                        ],
                        [
                            116.92818,
                            39.814153,
                            0
                        ],
                        [
                            116.92887,
                            39.820912,
                            0
                        ],
                        [
                            116.9259,
                            39.835403,
                            0
                        ],
                        [
                            116.917431,
                            39.846913,
                            0
                        ],
                        [
                            116.910383,
                            39.850608,
                            0
                        ],
                        [
                            116.902813,
                            39.848248,
                            0
                        ],
                        [
                            116.902896,
                            39.841346,
                            0
                        ],
                        [
                            116.907581,
                            39.834117,
                            0
                        ],
                        [
                            116.903357,
                            39.830682,
                            0
                        ],
                        [
                            116.897501,
                            39.832587,
                            0
                        ],
                        [
                            116.885665,
                            39.844585,
                            0
                        ],
                        [
                            116.878304,
                            39.84522,
                            0
                        ],
                        [
                            116.878638,
                            39.842257,
                            0
                        ],
                        [
                            116.871507,
                            39.842062,
                            0
                        ],
                        [
                            116.866049,
                            39.843902,
                            0
                        ],
                        [
                            116.865505,
                            39.846913,
                            0
                        ],
                        [
                            116.85829,
                            39.84846,
                            0
                        ],
                        [
                            116.85254,
                            39.859056,
                            0
                        ],
                        [
                            116.847249,
                            39.858616,
                            0
                        ],
                        [
                            116.839407,
                            39.865777,
                            0
                        ],
                        [
                            116.836897,
                            39.864736,
                            0
                        ],
                        [
                            116.827277,
                            39.877071,
                            0
                        ],
                        [
                            116.823681,
                            39.879137,
                            0
                        ],
                        [
                            116.817009,
                            39.878649,
                            0
                        ],
                        [
                            116.81312,
                            39.881301,
                            0
                        ],
                        [
                            116.812304,
                            39.889712,
                            0
                        ],
                        [
                            116.80831,
                            39.889631,
                            0
                        ],
                        [
                            116.808247,
                            39.884913,
                            0
                        ],
                        [
                            116.804253,
                            39.88488,
                            0
                        ],
                        [
                            116.804148,
                            39.877933,
                            0
                        ],
                        [
                            116.794738,
                            39.881252,
                            0
                        ],
                        [
                            116.787084,
                            39.886833,
                            0
                        ],
                        [
                            116.7847,
                            39.89142,
                            0
                        ],
                        [
                            116.78424,
                            39.902221,
                            0
                        ],
                        [
                            116.78217,
                            39.910419,
                            0
                        ],
                        [
                            116.782358,
                            39.928273,
                            0
                        ],
                        [
                            116.78332,
                            39.936045,
                            0
                        ],
                        [
                            116.782567,
                            39.947554,
                            0
                        ],
                        [
                            116.78058,
                            39.949716,
                            0
                        ],
                        [
                            116.762826,
                            39.956006,
                            0
                        ],
                        [
                            116.757326,
                            39.961483,
                            0
                        ],
                        [
                            116.759605,
                            39.969933,
                            0
                        ],
                        [
                            116.766443,
                            39.976351,
                            0
                        ],
                        [
                            116.766757,
                            39.982281,
                            0
                        ],
                        [
                            116.775373,
                            39.992759,
                            0
                        ],
                        [
                            116.775749,
                            40.002943,
                            0
                        ],
                        [
                            116.770459,
                            40.011632,
                            0
                        ],
                        [
                            116.771755,
                            40.014474,
                            0
                        ],
                        [
                            116.764791,
                            40.016049,
                            0
                        ],
                        [
                            116.75329,
                            40.015919,
                            0
                        ],
                        [
                            116.751763,
                            40.019962,
                            0
                        ],
                        [
                            116.747037,
                            40.021976,
                            0
                        ],
                        [
                            116.747058,
                            40.025385,
                            0
                        ],
                        [
                            116.737145,
                            40.02761,
                            0
                        ],
                        [
                            116.732335,
                            40.025109,
                            0
                        ],
                        [
                            116.732043,
                            40.022219,
                            0
                        ],
                        [
                            116.724828,
                            40.024265,
                            0
                        ],
                        [
                            116.724221,
                            40.021278,
                            0
                        ],
                        [
                            116.719725,
                            40.022512,
                            0
                        ],
                        [
                            116.717383,
                            40.019605,
                            0
                        ],
                        [
                            116.716337,
                            40.023762,
                            0
                        ],
                        [
                            116.708621,
                            40.026587,
                            0
                        ],
                        [
                            116.703936,
                            40.020141,
                            0
                        ],
                        [
                            116.697244,
                            40.016098,
                            0
                        ],
                        [
                            116.685575,
                            40.016569,
                            0
                        ],
                        [
                            116.688378,
                            40.00918,
                            0
                        ],
                        [
                            116.686286,
                            40.00827,
                            0
                        ],
                        [
                            116.683777,
                            40.014458,
                            0
                        ],
                        [
                            116.678465,
                            40.015058,
                            0
                        ],
                        [
                            116.668615,
                            40.013938,
                            0
                        ],
                        [
                            116.664705,
                            40.019037,
                            0
                        ],
                        [
                            116.660125,
                            40.021651,
                            0
                        ],
                        [
                            116.655629,
                            40.018566,
                            0
                        ],
                        [
                            116.651676,
                            40.021911,
                            0
                        ],
                        [
                            116.651195,
                            40.025759,
                            0
                        ],
                        [
                            116.636159,
                            40.019703,
                            0
                        ],
                        [
                            116.633504,
                            40.023664,
                            0
                        ],
                        [
                            116.627063,
                            40.021505,
                            0
                        ],
                        [
                            116.624239,
                            40.023664,
                            0
                        ],
                        [
                            116.620099,
                            40.022512,
                            0
                        ],
                        [
                            116.619388,
                            40.026733,
                            0
                        ],
                        [
                            116.614139,
                            40.028178,
                            0
                        ],
                        [
                            116.614055,
                            40.03175,
                            0
                        ],
                        [
                            116.610061,
                            40.031214,
                            0
                        ],
                        [
                            116.602762,
                            40.028503,
                            0
                        ],
                        [
                            116.600839,
                            40.018858,
                            0
                        ],
                        [
                            116.595548,
                            40.01751,
                            0
                        ],
                        [
                            116.60132,
                            40.013873,
                            0
                        ],
                        [
                            116.61989,
                            40.011794,
                            0
                        ],
                        [
                            116.628129,
                            40.007653,
                            0
                        ],
                        [
                            116.625766,
                            40.003122,
                            0
                        ],
                        [
                            116.63273,
                            39.999825,
                            0
                        ],
                        [
                            116.637582,
                            40.002359,
                            0
                        ],
                        [
                            116.642684,
                            39.996755,
                            0
                        ],
                        [
                            116.643751,
                            39.989608,
                            0
                        ],
                        [
                            116.640321,
                            39.990177,
                            0
                        ],
                        [
                            116.639129,
                            39.986879,
                            0
                        ],
                        [
                            116.63365,
                            39.986197,
                            0
                        ],
                        [
                            116.634026,
                            39.981696,
                            0
                        ],
                        [
                            116.639819,
                            39.982606,
                            0
                        ],
                        [
                            116.641827,
                            39.969575,
                            0
                        ],
                        [
                            116.643081,
                            39.952983,
                            0
                        ],
                        [
                            116.645277,
                            39.945977,
                            0
                        ],
                        [
                            116.632228,
                            39.950545,
                            0
                        ],
                        [
                            116.630492,
                            39.946156,
                            0
                        ],
                        [
                            116.633441,
                            39.940906,
                            0
                        ],
                        [
                            116.629677,
                            39.938727,
                            0
                        ],
                        [
                            116.6293,
                            39.931314,
                            0
                        ],
                        [
                            116.624156,
                            39.929981,
                            0
                        ],
                        [
                            116.630576,
                            39.921672,
                            0
                        ],
                        [
                            116.620956,
                            39.923103,
                            0
                        ],
                        [
                            116.623006,
                            39.913818,
                            0
                        ],
                        [
                            116.620245,
                            39.90767,
                            0
                        ],
                        [
                            116.623361,
                            39.904271,
                            0
                        ],
                        [
                            116.621019,
                            39.898854,
                            0
                        ],
                        [
                            116.61531,
                            39.895503,
                            0
                        ],
                        [
                            116.615603,
                            39.889794,
                            0
                        ],
                        [
                            116.627585,
                            39.890477,
                            0
                        ],
                        [
                            116.628987,
                            39.881594,
                            0
                        ],
                        [
                            116.624323,
                            39.881155,
                            0
                        ],
                        [
                            116.62493,
                            39.87725,
                            0
                        ],
                        [
                            116.619994,
                            39.868951,
                            0
                        ],
                        [
                            116.626958,
                            39.860683,
                            0
                        ],
                        [
                            116.613449,
                            39.850185,
                            0
                        ],
                        [
                            116.604185,
                            39.850071,
                            0
                        ],
                        [
                            116.604666,
                            39.846132,
                            0
                        ],
                        [
                            116.608367,
                            39.846539,
                            0
                        ],
                        [
                            116.601905,
                            39.840727,
                            0
                        ],
                        [
                            116.60224,
                            39.831675,
                            0
                        ],
                        [
                            116.598977,
                            39.831659,
                            0
                        ],
                        [
                            116.599228,
                            39.825585,
                            0
                        ],
                        [
                            116.59147,
                            39.826367,
                            0
                        ],
                        [
                            116.591595,
                            39.823875,
                            0
                        ],
                        [
                            116.583732,
                            39.824917,
                            0
                        ],
                        [
                            116.587015,
                            39.828223,
                            0
                        ],
                        [
                            116.577479,
                            39.827539,
                            0
                        ],
                        [
                            116.577145,
                            39.830682,
                            0
                        ],
                        [
                            116.569386,
                            39.833498,
                            0
                        ],
                        [
                            116.558596,
                            39.834687,
                            0
                        ],
                        [
                            116.543664,
                            39.835078,
                            0
                        ],
                        [
                            116.542681,
                            39.830209,
                            0
                        ],
                        [
                            116.533187,
                            39.832733,
                            0
                        ],
                        [
                            116.538143,
                            39.828207,
                            0
                        ],
                        [
                            116.534944,
                            39.82482,
                            0
                        ],
                        [
                            116.539586,
                            39.821563,
                            0
                        ],
                        [
                            116.533375,
                            39.819658,
                            0
                        ],
                        [
                            116.540527,
                            39.811857,
                            0
                        ],
                        [
                            116.541678,
                            39.803159,
                            0
                        ],
                        [
                            116.535111,
                            39.800146,
                            0
                        ],
                        [
                            116.537537,
                            39.796676,
                            0
                        ],
                        [
                            116.530929,
                            39.79174,
                            0
                        ],
                        [
                            116.532894,
                            39.786542,
                            0
                        ],
                        [
                            116.538081,
                            39.78128,
                            0
                        ],
                        [
                            116.530092,
                            39.778836,
                            0
                        ],
                        [
                            116.536136,
                            39.769873,
                            0
                        ],
                        [
                            116.544647,
                            39.772301,
                            0
                        ],
                        [
                            116.545797,
                            39.768732,
                            0
                        ],
                        [
                            116.536491,
                            39.768406,
                            0
                        ],
                        [
                            116.539879,
                            39.766255,
                            0
                        ],
                        [
                            116.540423,
                            39.761072,
                            0
                        ],
                        [
                            116.528294,
                            39.761463,
                            0
                        ],
                        [
                            116.52363,
                            39.769922,
                            0
                        ],
                        [
                            116.520075,
                            39.765782,
                            0
                        ],
                        [
                            116.525178,
                            39.762392,
                            0
                        ],
                        [
                            116.523003,
                            39.749678,
                            0
                        ],
                        [
                            116.531159,
                            39.747559,
                            0
                        ],
                        [
                            116.527562,
                            39.743304,
                            0
                        ],
                        [
                            116.53624,
                            39.740663,
                            0
                        ],
                        [
                            116.537997,
                            39.738071,
                            0
                        ],
                        [
                            116.532413,
                            39.73962,
                            0
                        ],
                        [
                            116.531849,
                            39.730016,
                            0
                        ],
                        [
                            116.53783,
                            39.728043,
                            0
                        ],
                        [
                            116.536972,
                            39.72152,
                            0
                        ],
                        [
                            116.534609,
                            39.718079,
                            0
                        ],
                        [
                            116.52936,
                            39.719808,
                            0
                        ],
                        [
                            116.527332,
                            39.716578,
                            0
                        ],
                        [
                            116.53256,
                            39.71529,
                            0
                        ],
                        [
                            116.530552,
                            39.713268,
                            0
                        ],
                        [
                            116.535676,
                            39.711881,
                            0
                        ],
                        [
                            116.544961,
                            39.715045,
                            0
                        ],
                        [
                            116.573276,
                            39.714507,
                            0
                        ],
                        [
                            116.573464,
                            39.709125,
                            0
                        ],
                        [
                            116.579884,
                            39.710234,
                            0
                        ],
                        [
                            116.581202,
                            39.712517,
                            0
                        ],
                        [
                            116.590152,
                            39.713349,
                            0
                        ],
                        [
                            116.590194,
                            39.711522,
                            0
                        ],
                        [
                            116.598371,
                            39.711963,
                            0
                        ],
                        [
                            116.604017,
                            39.714752,
                            0
                        ],
                        [
                            116.604561,
                            39.718731,
                            0
                        ],
                        [
                            116.609141,
                            39.719367,
                            0
                        ],
                        [
                            116.616251,
                            39.725581,
                            0
                        ],
                        [
                            116.621876,
                            39.725825,
                            0
                        ],
                        [
                            116.621646,
                            39.728076,
                            0
                        ],
                        [
                            116.628129,
                            39.727749,
                            0
                        ],
                        [
                            116.631203,
                            39.722971,
                            0
                        ],
                        [
                            116.637623,
                            39.723934,
                            0
                        ],
                        [
                            116.638502,
                            39.717166,
                            0
                        ],
                        [
                            116.644587,
                            39.709647,
                            0
                        ],
                        [
                            116.652994,
                            39.708619,
                            0
                        ],
                        [
                            116.653098,
                            39.703823,
                            0
                        ],
                        [
                            116.647912,
                            39.703579,
                            0
                        ],
                        [
                            116.64626,
                            39.700447,
                            0
                        ],
                        [
                            116.647097,
                            39.694786,
                            0
                        ],
                        [
                            116.651509,
                            39.694459,
                            0
                        ],
                        [
                            116.651321,
                            39.687868,
                            0
                        ],
                        [
                            116.658097,
                            39.686155,
                            0
                        ],
                        [
                            116.65818,
                            39.68857,
                            0
                        ],
                        [
                            116.666566,
                            39.687101,
                            0
                        ],
                        [
                            116.669577,
                            39.683642,
                            0
                        ],
                        [
                            116.666022,
                            39.679693,
                            0
                        ],
                        [
                            116.668574,
                            39.674602,
                            0
                        ],
                        [
                            116.675203,
                            39.676234,
                            0
                        ],
                        [
                            116.680786,
                            39.674896,
                            0
                        ],
                        [
                            116.685554,
                            39.676886,
                            0
                        ],
                        [
                            116.692706,
                            39.676789,
                            0
                        ],
                        [
                            116.693543,
                            39.674944,
                            0
                        ],
                        [
                            116.703769,
                            39.674145,
                            0
                        ],
                        [
                            116.704857,
                            39.667192,
                            0
                        ],
                        [
                            116.702138,
                            39.657644,
                            0
                        ],
                        [
                            116.702891,
                            39.649923,
                            0
                        ],
                        [
                            116.70609,
                            39.642903,
                            0
                        ],
                        [
                            116.710419,
                            39.639686,
                            0
                        ],
                        [
                            116.716003,
                            39.640356,
                            0
                        ],
                        [
                            116.723489,
                            39.639033,
                            0
                        ],
                        [
                            116.721398,
                            39.629415,
                            0
                        ],
                        [
                            116.725518,
                            39.624075,
                            0
                        ]
                    ]
                ]
            },
            "properties": {
                "name": "通州区",
                "_color": "#f28357",
                "center": [
                    116.71618249174918,
                    39.81233094719471,
                    0
                ]
            }
        },
        {
            "type": "Feature",
            "geometry": {
                "type": "Polygon",
                "coordinates": [
                    [
                        [
                            116.325799,
                            39.896789,
                            0
                        ],
                        [
                            116.32582,
                            39.891111,
                            0
                        ],
                        [
                            116.320759,
                            39.881512,
                            0
                        ],
                        [
                            116.321324,
                            39.875199,
                            0
                        ],
                        [
                            116.326636,
                            39.876859,
                            0
                        ],
                        [
                            116.335273,
                            39.875183,
                            0
                        ],
                        [
                            116.341567,
                            39.876159,
                            0
                        ],
                        [
                            116.344286,
                            39.873653,
                            0
                        ],
                        [
                            116.349472,
                            39.873588,
                            0
                        ],
                        [
                            116.35058,
                            39.86869,
                            0
                        ],
                        [
                            116.38059,
                            39.871148,
                            0
                        ],
                        [
                            116.399097,
                            39.872205,
                            0
                        ],
                        [
                            116.397612,
                            39.898675,
                            0
                        ],
                        [
                            116.396086,
                            39.89944,
                            0
                        ],
                        [
                            116.395563,
                            39.907995,
                            0
                        ],
                        [
                            116.392259,
                            39.907881,
                            0
                        ],
                        [
                            116.392175,
                            39.92242,
                            0
                        ],
                        [
                            116.399474,
                            39.923574,
                            0
                        ],
                        [
                            116.396692,
                            39.928306,
                            0
                        ],
                        [
                            116.396169,
                            39.94006,
                            0
                        ],
                        [
                            116.394266,
                            39.940629,
                            0
                        ],
                        [
                            116.393346,
                            39.957355,
                            0
                        ],
                        [
                            116.38678,
                            39.957014,
                            0
                        ],
                        [
                            116.387658,
                            39.96093,
                            0
                        ],
                        [
                            116.390084,
                            39.968406,
                            0
                        ],
                        [
                            116.394162,
                            39.969397,
                            0
                        ],
                        [
                            116.394099,
                            39.972858,
                            0
                        ],
                        [
                            116.380903,
                            39.972712,
                            0
                        ],
                        [
                            116.380401,
                            39.968178,
                            0
                        ],
                        [
                            116.370384,
                            39.967902,
                            0
                        ],
                        [
                            116.371974,
                            39.948594,
                            0
                        ],
                        [
                            116.356206,
                            39.944092,
                            0
                        ],
                        [
                            116.352023,
                            39.950854,
                            0
                        ],
                        [
                            116.352421,
                            39.943832,
                            0
                        ],
                        [
                            116.341442,
                            39.941979,
                            0
                        ],
                        [
                            116.332889,
                            39.944092,
                            0
                        ],
                        [
                            116.327953,
                            39.942369,
                            0
                        ],
                        [
                            116.333056,
                            39.938565,
                            0
                        ],
                        [
                            116.334645,
                            39.922664,
                            0
                        ],
                        [
                            116.335356,
                            39.898448,
                            0
                        ],
                        [
                            116.337301,
                            39.89739,
                            0
                        ],
                        [
                            116.325799,
                            39.896789,
                            0
                        ]
                    ]
                ]
            },
            "properties": {
                "name": "西城区",
                "_color": "#e89dc6",
                "center": [
                    116.36425809756095,
                    39.921187975609755,
                    0
                ]
            }
        },
        {
            "type": "Feature",
            "geometry": {
                "type": "Polygon",
                "coordinates": [
                    [
                        [
                            115.967006,
                            40.265612,
                            0
                        ],
                        [
                            115.976396,
                            40.270983,
                            0
                        ],
                        [
                            115.981812,
                            40.276903,
                            0
                        ],
                        [
                            115.978822,
                            40.281627,
                            0
                        ],
                        [
                            115.981227,
                            40.28525,
                            0
                        ],
                        [
                            115.978675,
                            40.289633,
                            0
                        ],
                        [
                            115.982732,
                            40.297977,
                            0
                        ],
                        [
                            115.990323,
                            40.299498,
                            0
                        ],
                        [
                            115.987919,
                            40.303799,
                            0
                        ],
                        [
                            115.975538,
                            40.308698,
                            0
                        ],
                        [
                            115.976417,
                            40.311511,
                            0
                        ],
                        [
                            115.973259,
                            40.318997,
                            0
                        ],
                        [
                            115.979658,
                            40.320532,
                            0
                        ],
                        [
                            115.982711,
                            40.324202,
                            0
                        ],
                        [
                            115.993398,
                            40.328986,
                            0
                        ],
                        [
                            115.999065,
                            40.325463,
                            0
                        ],
                        [
                            116.007597,
                            40.33314,
                            0
                        ],
                        [
                            116.01684,
                            40.33466,
                            0
                        ],
                        [
                            116.026481,
                            40.324283,
                            0
                        ],
                        [
                            116.026167,
                            40.320484,
                            0
                        ],
                        [
                            116.031144,
                            40.312352,
                            0
                        ],
                        [
                            116.040095,
                            40.312724,
                            0
                        ],
                        [
                            116.042479,
                            40.316846,
                            0
                        ],
                        [
                            116.051116,
                            40.315812,
                            0
                        ],
                        [
                            116.056971,
                            40.322181,
                            0
                        ],
                        [
                            116.053353,
                            40.326853,
                            0
                        ],
                        [
                            116.061802,
                            40.336809,
                            0
                        ],
                        [
                            116.06841,
                            40.336971,
                            0
                        ],
                        [
                            116.073429,
                            40.339831,
                            0
                        ],
                        [
                            116.077716,
                            40.339346,
                            0
                        ],
                        [
                            116.083342,
                            40.33571,
                            0
                        ],
                        [
                            116.086353,
                            40.330813,
                            0
                        ],
                        [
                            116.098649,
                            40.330005,
                            0
                        ],
                        [
                            116.102978,
                            40.331524,
                            0
                        ],
                        [
                            116.110381,
                            40.330813,
                            0
                        ],
                        [
                            116.116634,
                            40.323668,
                            0
                        ],
                        [
                            116.116237,
                            40.321955,
                            0
                        ],
                        [
                            116.122385,
                            40.312805,
                            0
                        ],
                        [
                            116.132737,
                            40.31198,
                            0
                        ],
                        [
                            116.141959,
                            40.316879,
                            0
                        ],
                        [
                            116.138383,
                            40.324671,
                            0
                        ],
                        [
                            116.13809,
                            40.330974,
                            0
                        ],
                        [
                            116.143904,
                            40.336082,
                            0
                        ],
                        [
                            116.137651,
                            40.336534,
                            0
                        ],
                        [
                            116.137567,
                            40.340769,
                            0
                        ],
                        [
                            116.140809,
                            40.343047,
                            0
                        ],
                        [
                            116.138404,
                            40.345229,
                            0
                        ],
                        [
                            116.144782,
                            40.348541,
                            0
                        ],
                        [
                            116.147543,
                            40.340655,
                            0
                        ],
                        [
                            116.144719,
                            40.336631,
                            0
                        ],
                        [
                            116.152603,
                            40.337714,
                            0
                        ],
                        [
                            116.155677,
                            40.344906,
                            0
                        ],
                        [
                            116.1507,
                            40.349252,
                            0
                        ],
                        [
                            116.145514,
                            40.351046,
                            0
                        ],
                        [
                            116.148651,
                            40.35696,
                            0
                        ],
                        [
                            116.148233,
                            40.361807,
                            0
                        ],
                        [
                            116.159295,
                            40.366265,
                            0
                        ],
                        [
                            116.168789,
                            40.366718,
                            0
                        ],
                        [
                            116.170713,
                            40.369351,
                            0
                        ],
                        [
                            116.177154,
                            40.370934,
                            0
                        ],
                        [
                            116.180354,
                            40.367687,
                            0
                        ],
                        [
                            116.192985,
                            40.372775,
                            0
                        ],
                        [
                            116.209129,
                            40.376232,
                            0
                        ],
                        [
                            116.211451,
                            40.381756,
                            0
                        ],
                        [
                            116.222221,
                            40.382111,
                            0
                        ],
                        [
                            116.226989,
                            40.38111,
                            0
                        ],
                        [
                            116.23184,
                            40.374988,
                            0
                        ],
                        [
                            116.23665,
                            40.377427,
                            0
                        ],
                        [
                            116.241962,
                            40.377508,
                            0
                        ],
                        [
                            116.24353,
                            40.379818,
                            0
                        ],
                        [
                            116.247796,
                            40.374471,
                            0
                        ],
                        [
                            116.252104,
                            40.376297,
                            0
                        ],
                        [
                            116.25338,
                            40.381239,
                            0
                        ],
                        [
                            116.258336,
                            40.383193,
                            0
                        ],
                        [
                            116.261264,
                            40.380561,
                            0
                        ],
                        [
                            116.270863,
                            40.382693,
                            0
                        ],
                        [
                            116.282845,
                            40.375263,
                            0
                        ],
                        [
                            116.290729,
                            40.383177,
                            0
                        ],
                        [
                            116.289872,
                            40.391672,
                            0
                        ],
                        [
                            116.286003,
                            40.396032,
                            0
                        ],
                        [
                            116.289746,
                            40.402539,
                            0
                        ],
                        [
                            116.287864,
                            40.404719,
                            0
                        ],
                        [
                            116.291608,
                            40.408448,
                            0
                        ],
                        [
                            116.288513,
                            40.413437,
                            0
                        ],
                        [
                            116.289433,
                            40.418021,
                            0
                        ],
                        [
                            116.291942,
                            40.416617,
                            0
                        ],
                        [
                            116.296648,
                            40.420701,
                            0
                        ],
                        [
                            116.294452,
                            40.429304,
                            0
                        ],
                        [
                            116.290667,
                            40.435856,
                            0
                        ],
                        [
                            116.289788,
                            40.440907,
                            0
                        ],
                        [
                            116.294368,
                            40.449975,
                            0
                        ],
                        [
                            116.293824,
                            40.452831,
                            0
                        ],
                        [
                            116.300955,
                            40.458429,
                            0
                        ],
                        [
                            116.306853,
                            40.466092,
                            0
                        ],
                        [
                            116.301646,
                            40.468108,
                            0
                        ],
                        [
                            116.294786,
                            40.47535,
                            0
                        ],
                        [
                            116.291691,
                            40.485317,
                            0
                        ],
                        [
                            116.29717,
                            40.486768,
                            0
                        ],
                        [
                            116.303779,
                            40.485817,
                            0
                        ],
                        [
                            116.31022,
                            40.491702,
                            0
                        ],
                        [
                            116.31321,
                            40.491799,
                            0
                        ],
                        [
                            116.323227,
                            40.500151,
                            0
                        ],
                        [
                            116.330567,
                            40.500748,
                            0
                        ],
                        [
                            116.336653,
                            40.498636,
                            0
                        ],
                        [
                            116.34232,
                            40.500457,
                            0
                        ],
                        [
                            116.348636,
                            40.499071,
                            0
                        ],
                        [
                            116.357042,
                            40.501941,
                            0
                        ],
                        [
                            116.365909,
                            40.499635,
                            0
                        ],
                        [
                            116.369632,
                            40.500312,
                            0
                        ],
                        [
                            116.377537,
                            40.49683,
                            0
                        ],
                        [
                            116.378603,
                            40.491525,
                            0
                        ],
                        [
                            116.376825,
                            40.485736,
                            0
                        ],
                        [
                            116.387344,
                            40.482043,
                            0
                        ],
                        [
                            116.38609,
                            40.475802,
                            0
                        ],
                        [
                            116.393702,
                            40.47256,
                            0
                        ],
                        [
                            116.4065,
                            40.481995,
                            0
                        ],
                        [
                            116.413673,
                            40.481527,
                            0
                        ],
                        [
                            116.416664,
                            40.483011,
                            0
                        ],
                        [
                            116.420971,
                            40.480301,
                            0
                        ],
                        [
                            116.433142,
                            40.478189,
                            0
                        ],
                        [
                            116.443201,
                            40.481801,
                            0
                        ],
                        [
                            116.455937,
                            40.480914,
                            0
                        ],
                        [
                            116.457903,
                            40.488445,
                            0
                        ],
                        [
                            116.465577,
                            40.48701,
                            0
                        ],
                        [
                            116.468212,
                            40.48493,
                            0
                        ],
                        [
                            116.483541,
                            40.484994,
                            0
                        ],
                        [
                            116.487347,
                            40.481737,
                            0
                        ],
                        [
                            116.492157,
                            40.481027,
                            0
                        ],
                        [
                            116.508322,
                            40.483172,
                            0
                        ],
                        [
                            116.511543,
                            40.486929,
                            0
                        ],
                        [
                            116.519092,
                            40.491799,
                            0
                        ],
                        [
                            116.519155,
                            40.496604,
                            0
                        ],
                        [
                            116.51194,
                            40.501135,
                            0
                        ],
                        [
                            116.506398,
                            40.508212,
                            0
                        ],
                        [
                            116.500459,
                            40.510904,
                            0
                        ],
                        [
                            116.497762,
                            40.518093,
                            0
                        ],
                        [
                            116.492073,
                            40.518093,
                            0
                        ],
                        [
                            116.488581,
                            40.515853,
                            0
                        ],
                        [
                            116.476306,
                            40.514192,
                            0
                        ],
                        [
                            116.470345,
                            40.518963,
                            0
                        ],
                        [
                            116.46587,
                            40.518802,
                            0
                        ],
                        [
                            116.460956,
                            40.524363,
                            0
                        ],
                        [
                            116.467125,
                            40.530068,
                            0
                        ],
                        [
                            116.470617,
                            40.535418,
                            0
                        ],
                        [
                            116.479651,
                            40.541396,
                            0
                        ],
                        [
                            116.484587,
                            40.552867,
                            0
                        ],
                        [
                            116.496277,
                            40.555106,
                            0
                        ],
                        [
                            116.499999,
                            40.560921,
                            0
                        ],
                        [
                            116.505144,
                            40.562581,
                            0
                        ],
                        [
                            116.509577,
                            40.57276,
                            0
                        ],
                        [
                            116.513153,
                            40.572792,
                            0
                        ],
                        [
                            116.517796,
                            40.579749,
                            0
                        ],
                        [
                            116.525136,
                            40.583002,
                            0
                        ],
                        [
                            116.531577,
                            40.59131,
                            0
                        ],
                        [
                            116.530929,
                            40.595883,
                            0
                        ],
                        [
                            116.535948,
                            40.59944,
                            0
                        ],
                        [
                            116.532915,
                            40.606459,
                            0
                        ],
                        [
                            116.535634,
                            40.615698,
                            0
                        ],
                        [
                            116.538938,
                            40.619673,
                            0
                        ],
                        [
                            116.539294,
                            40.625612,
                            0
                        ],
                        [
                            116.545003,
                            40.627076,
                            0
                        ],
                        [
                            116.551674,
                            40.625209,
                            0
                        ],
                        [
                            116.561231,
                            40.628557,
                            0
                        ],
                        [
                            116.568989,
                            40.625483,
                            0
                        ],
                        [
                            116.574092,
                            40.631678,
                            0
                        ],
                        [
                            116.573903,
                            40.63628,
                            0
                        ],
                        [
                            116.563886,
                            40.636908,
                            0
                        ],
                        [
                            116.55389,
                            40.642877,
                            0
                        ],
                        [
                            116.551151,
                            40.642828,
                            0
                        ],
                        [
                            116.550335,
                            40.647606,
                            0
                        ],
                        [
                            116.545023,
                            40.650116,
                            0
                        ],
                        [
                            116.544103,
                            40.653767,
                            0
                        ],
                        [
                            116.540046,
                            40.656679,
                            0
                        ],
                        [
                            116.529507,
                            40.654588,
                            0
                        ],
                        [
                            116.527039,
                            40.6584,
                            0
                        ],
                        [
                            116.518381,
                            40.660925,
                            0
                        ],
                        [
                            116.520096,
                            40.66411,
                            0
                        ],
                        [
                            116.517273,
                            40.665734,
                            0
                        ],
                        [
                            116.513488,
                            40.672344,
                            0
                        ],
                        [
                            116.505938,
                            40.673067,
                            0
                        ],
                        [
                            116.501568,
                            40.671186,
                            0
                        ],
                        [
                            116.492826,
                            40.673984,
                            0
                        ],
                        [
                            116.487138,
                            40.674338,
                            0
                        ],
                        [
                            116.483374,
                            40.679403,
                            0
                        ],
                        [
                            116.488811,
                            40.69196,
                            0
                        ],
                        [
                            116.496653,
                            40.696879,
                            0
                        ],
                        [
                            116.502676,
                            40.697361,
                            0
                        ],
                        [
                            116.501066,
                            40.70228,
                            0
                        ],
                        [
                            116.501923,
                            40.706796,
                            0
                        ],
                        [
                            116.506064,
                            40.710879,
                            0
                        ],
                        [
                            116.503115,
                            40.715893,
                            0
                        ],
                        [
                            116.504119,
                            40.720135,
                            0
                        ],
                        [
                            116.506858,
                            40.720039,
                            0
                        ],
                        [
                            116.510748,
                            40.72645,
                            0
                        ],
                        [
                            116.509493,
                            40.73548,
                            0
                        ],
                        [
                            116.513697,
                            40.741456,
                            0
                        ],
                        [
                            116.506461,
                            40.743432,
                            0
                        ],
                        [
                            116.501819,
                            40.746581,
                            0
                        ],
                        [
                            116.502906,
                            40.756635,
                            0
                        ],
                        [
                            116.50025,
                            40.760811,
                            0
                        ],
                        [
                            116.495482,
                            40.759735,
                            0
                        ],
                        [
                            116.491404,
                            40.7633,
                            0
                        ],
                        [
                            116.485193,
                            40.765179,
                            0
                        ],
                        [
                            116.4803,
                            40.771586,
                            0
                        ],
                        [
                            116.471517,
                            40.771233,
                            0
                        ],
                        [
                            116.465452,
                            40.772742,
                            0
                        ],
                        [
                            116.45395,
                            40.76587,
                            0
                        ],
                        [
                            116.444414,
                            40.76921,
                            0
                        ],
                        [
                            116.437722,
                            40.766865,
                            0
                        ],
                        [
                            116.431846,
                            40.768246,
                            0
                        ],
                        [
                            116.424861,
                            40.767443,
                            0
                        ],
                        [
                            116.416496,
                            40.76937,
                            0
                        ],
                        [
                            116.4143,
                            40.777912,
                            0
                        ],
                        [
                            116.407838,
                            40.780417,
                            0
                        ],
                        [
                            116.403217,
                            40.778635,
                            0
                        ],
                        [
                            116.392635,
                            40.778394,
                            0
                        ],
                        [
                            116.379837,
                            40.772325,
                            0
                        ],
                        [
                            116.37097,
                            40.772453,
                            0
                        ],
                        [
                            116.367687,
                            40.77088,
                            0
                        ],
                        [
                            116.361204,
                            40.772646,
                            0
                        ],
                        [
                            116.353111,
                            40.770221,
                            0
                        ],
                        [
                            116.342947,
                            40.773096,
                            0
                        ],
                        [
                            116.33314,
                            40.772694,
                            0
                        ],
                        [
                            116.330149,
                            40.77377,
                            0
                        ],
                        [
                            116.31756,
                            40.77218,
                            0
                        ],
                        [
                            116.313168,
                            40.770205,
                            0
                        ],
                        [
                            116.30794,
                            40.763734,
                            0
                        ],
                        [
                            116.311119,
                            40.75511,
                            0
                        ],
                        [
                            116.30794,
                            40.752122,
                            0
                        ],
                        [
                            116.304762,
                            40.755656,
                            0
                        ],
                        [
                            116.29786,
                            40.756812,
                            0
                        ],
                        [
                            116.290918,
                            40.763814,
                            0
                        ],
                        [
                            116.281402,
                            40.763926,
                            0
                        ],
                        [
                            116.277366,
                            40.76163,
                            0
                        ],
                        [
                            116.273456,
                            40.762883,
                            0
                        ],
                        [
                            116.274167,
                            40.766335,
                            0
                        ],
                        [
                            116.26988,
                            40.770703,
                            0
                        ],
                        [
                            116.269587,
                            40.777158,
                            0
                        ],
                        [
                            116.261013,
                            40.782938,
                            0
                        ],
                        [
                            116.257834,
                            40.787898,
                            0
                        ],
                        [
                            116.247943,
                            40.791831,
                            0
                        ],
                        [
                            116.245224,
                            40.78838,
                            0
                        ],
                        [
                            116.235019,
                            40.78313,
                            0
                        ],
                        [
                            116.235625,
                            40.775135,
                            0
                        ],
                        [
                            116.231757,
                            40.77149,
                            0
                        ],
                        [
                            116.229979,
                            40.762417,
                            0
                        ],
                        [
                            116.23366,
                            40.759896,
                            0
                        ],
                        [
                            116.223308,
                            40.753793,
                            0
                        ],
                        [
                            116.220485,
                            40.749183,
                            0
                        ],
                        [
                            116.220359,
                            40.744669,
                            0
                        ],
                        [
                            116.213249,
                            40.740139,
                            0
                        ],
                        [
                            116.210551,
                            40.741713,
                            0
                        ],
                        [
                            116.204717,
                            40.739946,
                            0
                        ],
                        [
                            116.2057,
                            40.733038,
                            0
                        ],
                        [
                            116.197753,
                            40.7269,
                            0
                        ],
                        [
                            116.192274,
                            40.724779,
                            0
                        ],
                        [
                            116.184913,
                            40.713675,
                            0
                        ],
                        [
                            116.181128,
                            40.712438,
                            0
                        ],
                        [
                            116.177907,
                            40.707889,
                            0
                        ],
                        [
                            116.176213,
                            40.700544,
                            0
                        ],
                        [
                            116.171341,
                            40.695979,
                            0
                        ],
                        [
                            116.173683,
                            40.689034,
                            0
                        ],
                        [
                            116.171487,
                            40.68167,
                            0
                        ],
                        [
                            116.168413,
                            40.67892,
                            0
                        ],
                        [
                            116.167597,
                            40.672633,
                            0
                        ],
                        [
                            116.162683,
                            40.662437,
                            0
                        ],
                        [
                            116.151432,
                            40.663338,
                            0
                        ],
                        [
                            116.142858,
                            40.666972,
                            0
                        ],
                        [
                            116.13694,
                            40.667648,
                            0
                        ],
                        [
                            116.125229,
                            40.654089,
                            0
                        ],
                        [
                            116.113225,
                            40.648845,
                            0
                        ],
                        [
                            116.111531,
                            40.646287,
                            0
                        ],
                        [
                            116.112744,
                            40.640946,
                            0
                        ],
                        [
                            116.120419,
                            40.633287,
                            0
                        ],
                        [
                            116.122071,
                            40.629989,
                            0
                        ],
                        [
                            116.118349,
                            40.627961,
                            0
                        ],
                        [
                            116.1044,
                            40.626996,
                            0
                        ],
                        [
                            116.098879,
                            40.630584,
                            0
                        ],
                        [
                            116.088507,
                            40.626626,
                            0
                        ],
                        [
                            116.08583,
                            40.623825,
                            0
                        ],
                        [
                            116.076691,
                            40.619883,
                            0
                        ],
                        [
                            116.073492,
                            40.612125,
                            0
                        ],
                        [
                            116.069811,
                            40.610258,
                            0
                        ],
                        [
                            116.062722,
                            40.610322,
                            0
                        ],
                        [
                            116.058289,
                            40.607006,
                            0
                        ],
                        [
                            116.050907,
                            40.606121,
                            0
                        ],
                        [
                            116.04457,
                            40.602032,
                            0
                        ],
                        [
                            116.032357,
                            40.599875,
                            0
                        ],
                        [
                            116.030036,
                            40.597364,
                            0
                        ],
                        [
                            116.028509,
                            40.607328,
                            0
                        ],
                        [
                            116.025268,
                            40.60654,
                            0
                        ],
                        [
                            116.005109,
                            40.584097,
                            0
                        ],
                        [
                            115.996116,
                            40.58392,
                            0
                        ],
                        [
                            115.995238,
                            40.579862,
                            0
                        ],
                        [
                            115.982147,
                            40.579008,
                            0
                        ],
                        [
                            115.97512,
                            40.590779,
                            0
                        ],
                        [
                            115.971983,
                            40.60237,
                            0
                        ],
                        [
                            115.965877,
                            40.601002,
                            0
                        ],
                        [
                            115.967404,
                            40.605896,
                            0
                        ],
                        [
                            115.955107,
                            40.609534,
                            0
                        ],
                        [
                            115.948331,
                            40.608809,
                            0
                        ],
                        [
                            115.944672,
                            40.611095,
                            0
                        ],
                        [
                            115.935031,
                            40.613316,
                            0
                        ],
                        [
                            115.928297,
                            40.612753,
                            0
                        ],
                        [
                            115.920372,
                            40.616632,
                            0
                        ],
                        [
                            115.907803,
                            40.617291,
                            0
                        ],
                        [
                            115.897849,
                            40.608101,
                            0
                        ],
                        [
                            115.894733,
                            40.606878,
                            0
                        ],
                        [
                            115.888146,
                            40.597026,
                            0
                        ],
                        [
                            115.885406,
                            40.595223,
                            0
                        ],
                        [
                            115.867777,
                            40.595786,
                            0
                        ],
                        [
                            115.86623,
                            40.593371,
                            0
                        ],
                        [
                            115.854895,
                            40.590151,
                            0
                        ],
                        [
                            115.846175,
                            40.593049,
                            0
                        ],
                        [
                            115.827374,
                            40.587027,
                            0
                        ],
                        [
                            115.820662,
                            40.568234,
                            0
                        ],
                        [
                            115.82154,
                            40.563305,
                            0
                        ],
                        [
                            115.819804,
                            40.559343,
                            0
                        ],
                        [
                            115.815036,
                            40.55741,
                            0
                        ],
                        [
                            115.804915,
                            40.55865,
                            0
                        ],
                        [
                            115.79908,
                            40.5577,
                            0
                        ],
                        [
                            115.7922,
                            40.561292,
                            0
                        ],
                        [
                            115.784713,
                            40.558376,
                            0
                        ],
                        [
                            115.776327,
                            40.552158,
                            0
                        ],
                        [
                            115.773902,
                            40.548582,
                            0
                        ],
                        [
                            115.770179,
                            40.548002,
                            0
                        ],
                        [
                            115.763885,
                            40.540574,
                            0
                        ],
                        [
                            115.759577,
                            40.538914,
                            0
                        ],
                        [
                            115.75506,
                            40.540042,
                            0
                        ],
                        [
                            115.752968,
                            40.536288,
                            0
                        ],
                        [
                            115.755624,
                            40.531019,
                            0
                        ],
                        [
                            115.748702,
                            40.526087,
                            0
                        ],
                        [
                            115.743788,
                            40.518464,
                            0
                        ],
                        [
                            115.743098,
                            40.513854,
                            0
                        ],
                        [
                            115.73605,
                            40.503988,
                            0
                        ],
                        [
                            115.743077,
                            40.494959,
                            0
                        ],
                        [
                            115.744039,
                            40.498249,
                            0
                        ],
                        [
                            115.768088,
                            40.498345,
                            0
                        ],
                        [
                            115.774529,
                            40.493911,
                            0
                        ],
                        [
                            115.782204,
                            40.492073,
                            0
                        ],
                        [
                            115.776202,
                            40.482704,
                            0
                        ],
                        [
                            115.776683,
                            40.477511,
                            0
                        ],
                        [
                            115.771559,
                            40.47285,
                            0
                        ],
                        [
                            115.770367,
                            40.46493,
                            0
                        ],
                        [
                            115.772856,
                            40.462301,
                            0
                        ],
                        [
                            115.779527,
                            40.464075,
                            0
                        ],
                        [
                            115.7734,
                            40.457397,
                            0
                        ],
                        [
                            115.77547,
                            40.45204,
                            0
                        ],
                        [
                            115.77248,
                            40.452831,
                            0
                        ],
                        [
                            115.773546,
                            40.44812,
                            0
                        ],
                        [
                            115.77043,
                            40.444166,
                            0
                        ],
                        [
                            115.786679,
                            40.437066,
                            0
                        ],
                        [
                            115.78992,
                            40.432483,
                            0
                        ],
                        [
                            115.796884,
                            40.432531,
                            0
                        ],
                        [
                            115.796445,
                            40.426834,
                            0
                        ],
                        [
                            115.836555,
                            40.38568,
                            0
                        ],
                        [
                            115.837454,
                            40.381255,
                            0
                        ],
                        [
                            115.840633,
                            40.381094,
                            0
                        ],
                        [
                            115.846865,
                            40.375085,
                            0
                        ],
                        [
                            115.855962,
                            40.37712,
                            0
                        ],
                        [
                            115.861859,
                            40.373422,
                            0
                        ],
                        [
                            115.861922,
                            40.364811,
                            0
                        ],
                        [
                            115.85981,
                            40.36213,
                            0
                        ],
                        [
                            115.86441,
                            40.36192,
                            0
                        ],
                        [
                            115.864452,
                            40.359335,
                            0
                        ],
                        [
                            115.872754,
                            40.359593,
                            0
                        ],
                        [
                            115.876226,
                            40.362146,
                            0
                        ],
                        [
                            115.878066,
                            40.359367,
                            0
                        ],
                        [
                            115.883169,
                            40.359545,
                            0
                        ],
                        [
                            115.88526,
                            40.357024,
                            0
                        ],
                        [
                            115.890927,
                            40.357897,
                            0
                        ],
                        [
                            115.892997,
                            40.355554,
                            0
                        ],
                        [
                            115.909539,
                            40.357622,
                            0
                        ],
                        [
                            115.918301,
                            40.35389,
                            0
                        ],
                        [
                            115.920581,
                            40.346473,
                            0
                        ],
                        [
                            115.924094,
                            40.341059,
                            0
                        ],
                        [
                            115.921417,
                            40.338668,
                            0
                        ],
                        [
                            115.922881,
                            40.332898,
                            0
                        ],
                        [
                            115.92721,
                            40.329601,
                            0
                        ],
                        [
                            115.922672,
                            40.325899,
                            0
                        ],
                        [
                            115.926792,
                            40.319611,
                            0
                        ],
                        [
                            115.929239,
                            40.32105,
                            0
                        ],
                        [
                            115.935721,
                            40.316717,
                            0
                        ],
                        [
                            115.937185,
                            40.313047,
                            0
                        ],
                        [
                            115.943814,
                            40.310945,
                            0
                        ],
                        [
                            115.939757,
                            40.304397,
                            0
                        ],
                        [
                            115.945885,
                            40.296199,
                            0
                        ],
                        [
                            115.946115,
                            40.289034,
                            0
                        ],
                        [
                            115.950088,
                            40.289228,
                            0
                        ],
                        [
                            115.951698,
                            40.282015,
                            0
                        ],
                        [
                            115.955212,
                            40.276984,
                            0
                        ],
                        [
                            115.960231,
                            40.274914,
                            0
                        ],
                        [
                            115.961611,
                            40.269219,
                            0
                        ],
                        [
                            115.967006,
                            40.265612,
                            0
                        ]
                    ]
                ]
            },
            "properties": {
                "name": "延庆区",
                "center": [
                    116.18103107633583,
                    40.52750292111959,
                    0
                ]
            }
        }
    ]
}