{"bounds":{"east":106.798074245453,"north":29.6205353736877,"south":29.4598603248596,"west":106.527535915375},"contentType":"quantizedmesh","latLonBounds":{"east":106.798074245453,"north":29.6205353736877,"south":29.4598603248596,"west":106.527535915375},"maxzoom":16,"minzoom":0,"proj":4326,"tiletrans":"tms","type":"terrain","ziped":false}